Mongo_id,Sku,Name,Price,Host,Brand,Currency,Category,Url,Discount,Discount_Percent,Availability,Category,Color,Washing_machine_type,Washing_machine_capacity,Washing_machine_model,Dryer_model,Refrigerator_model,Phone_model,Cooktop_model,Storage,Operating_system,Washing_program,Control_panel,Cooktop_size,Stove_type,Ignition,No_of_burners,Cooktop_type,Glass_stove_cover,Saving_energy_or_water,Control_panel,Special_features,No_of_doors,Refrigeration_and_cooling_technology,Shipping_time,Shipping_fees,Temperature_control,Display,No_of_drawers,Type_of_thaw,Freezer_location,Capacity_in_feet,Refrigerator_type,Semiautomatic,Product_emi_plan,Engine_displacement,Motorcycle_type,Helmet_type,Certification,Seller
"682b2858e635c648ff03f414","660,582","Refrigerador Mabe Top Mount 10 Pies Negro RMA250PVMRP0","12,499.0","Coppel Mx","Mabe","peso","Inicio > Línea Blanca > Refrigeradores y congeladores > Refrigeradores","https://www.coppel.com/refrigerador-mabe-top-mount-10-pies-negro-rma250pvmrp0-pm-6605823","3,700.0","22.8409157","false","IN > Electronics > Kitchen Appliances > Refrigerators","black","","","","","rma250pvmrp0","","","","","","manual","","","","","","","yes","manual","","2","","*Dependerá del domicilio de entrega Recíbelo entre 2 y 7 días hábiles","Envío gratis*","","","1","","top","10 feet","top mount","","Desde $492 quincenales 11791 pesos en 24 quincenas ( $11,791 en 24 quincenas* )","","","","","Coppel"
"682eafa32441b2e0540d5bda","660,922","Refrigerador Samsung French Door 32 Pies Black Caviar RF32CG5N10B1EM","38,999.0","Coppel Mx","Samsung","peso","Inicio > Línea Blanca > Refrigeradores y congeladores > Refrigeradores","https://www.coppel.com/refrigerador-samsung-french-door-32-pies-black-caviar-rf32cg5n10b1em-pm-6609223","14,500.0","27.1033096","false","IN > Electronics > Kitchen Appliances > Refrigerators","black","","","","","rf32cg5n10b1em","","","","","","digital","","","","","","","yes","digital","","2","smart inverter","*Dependerá del domicilio de entrega Recíbelo entre 2 y 7 días hábiles","Envío gratis*","","","4","automatic","bottom","32 feet","french door","","Desde $1,369 quincenales 32829 pesos en 24 quincenas ( $32,829 en 24 quincenas* )","","","","","Coppel"
"6835b88d6df69ea36b02853e","74,381,197","Refrigerador Mabe Home Energy Saver 360 Lts Grafito RME360PVMRM0","15,990.0","Coppel Mx","Mabe","peso","Inicio > Línea Blanca > Refrigeradores y congeladores > Refrigeradores","https://www.coppel.com/refrigerador-mabe-home-energy-saver-360-lts-grafito-rme360pvmrm0-mkp-74381197","3,531.0","18.088213","false","IN > Electronics > Kitchen Appliances > Refrigerators","grey","","","","","rme360pvmrm0","","","","","","","","","","","","","yes","","","","multi air flow","*Dependerá del domicilio de entrega Recíbelo entre 3 y 10 días hábiles","Envío gratis*","","","","","","12.71 cubic feet","","","Desde $753 quincenales 18066 pesos en 24 quincenas ( $18,066 en 24 quincenas* )","","","","","Bomssa"
"682eafe72441b2e0540d5c0b","665,118","Refrigerador Midea Side by Side 20 Pies Plateado MDRS710FGM46","26,499.0","Coppel Mx","Midea","peso","Inicio > Línea Blanca > Refrigeradores y congeladores > Refrigeradores","https://www.coppel.com/pdp/refrigerador-midea-side-by-side-20-pies-plateado-mdrs710fgm46-pm-6651183","8,500.0","24.2864075","false","IN > Electronics > Kitchen Appliances > Refrigerators","silver","","","","","mdrs710fgm46","","","","","","digital","","","","","","","yes","digital","","2","inverter","*Dependerá del domicilio de entrega Recíbelo entre 2 y 7 días hábiles","Envío gratis*","","","4","automatic","side","20 feet","side-by-side","","Desde $1,006 quincenales 24119 pesos en 24 quincenas ( $24,119 en 24 quincenas* )","","","","","Coppel"
"682eb0c12441b2e0540d5cb7","649,571","Refrigerador LG Top Mount 20 Pies Plateado LT57BPSX","19,799.0","Coppel Mx","Lg","peso","Inicio > Línea Blanca > Refrigeradores y congeladores > Refrigeradores","https://www.coppel.com/refrigerador-lg-top-mount-20-pies-plata-lt57bpsx-pm-6495713","4,900.0","19.8388596","false","IN > Electronics > Kitchen Appliances > Refrigerators","silver","","","","","lt57bpsx.astfmxm","","","","","","digital","","","","","","","yes","digital","","2","inverter","*Dependerá del domicilio de entrega Recíbelo entre 2 y 7 días hábiles","Envío gratis*","","","2","automatic","top","20 feet","top mount","","Desde $833 quincenales 19965 pesos en 24 quincenas ( $19,965 en 24 quincenas* )","","","","","Coppel"
"682eb13d2441b2e0540d5d22","74,381,248","Refrigerador Mabe Rma300fxmrm0 11'' 300 L Inox Mate Full Grip Home Energy Saver","15,999.0","Coppel Mx","Mabe","peso","Inicio > Línea Blanca > Refrigeradores y congeladores > Refrigeradores","https://www.coppel.com/refrigerador-mabe-rma300fxmrm0-11-300-l-inox-mate-full-grip-home-energy-saver-mkp-74381248","1,009.0","5.93250227","false","IN > Electronics > Kitchen Appliances > Refrigerators","grey","","","","","rma300fxmrm0","","","","","","","","","","","","","yes","","","","multi air flow","*Dependerá del domicilio de entrega Recíbelo entre 3 y 10 días hábiles","Envío gratis*","","","","","","10.59 cubic feet","","","Desde $906 quincenales 21736 pesos en 24 quincenas ( $21,736 en 24 quincenas* )","","","","","Mueblerias Portillo SA de CV"
"682b27d832edbddab3042ce3","642,691","Refrigerador Whirlpool Top Mount 14 Pies Gris","14,799.0","Coppel Mx","Whirlpool","peso","Inicio > Línea Blanca > Refrigeradores y congeladores > Refrigeradores","https://www.coppel.com/refrigerador-whirlpool-top-mount-14-pies-gris-pm-6426913","2,800.0","15.9099951","false","IN > Electronics > Kitchen Appliances > Refrigerators","grey","","","","","wt1433k","","","","","","manual","","","","","","","yes","manual","","2","","*Dependerá del domicilio de entrega Recíbelo entre 2 y 7 días hábiles","Envío gratis*","","","1","automatic","top","14 feet","top mount","","Desde $671 quincenales 16079 pesos en 24 quincenas ( $16,079 en 24 quincenas* )","","","","","Coppel"
"682eb0c42441b2e0540d5cbb","665,381","Refrigerador Aspix Top Mount 8 Pies Plateado AX24RTM8WNE","8,299.0","Coppel Mx","Aspix","peso","Inicio > Línea Blanca > Refrigeradores y congeladores > Refrigeradores","https://www.coppel.com/pdp/refrigerador-aspix-top-mount-8-pies-plateado-ax24rtm8wne-pm-6653813","1,300.0","13.5430775","false","IN > Electronics > Kitchen Appliances > Refrigerators","silver","","","","","ax24rtm8wne","","","","","","manual","","","","","","","yes","manual","","2","","*Dependerá del domicilio de entrega Recíbelo entre 2 y 7 días hábiles","Envío gratis*","","","1","manual","top","8 feet","top mount","","Desde $392 quincenales 9379 pesos en 24 quincenas ( $9,379 en 24 quincenas* )","","","","","Coppel"
"685c8c246c25f0db980ef1dd","74,381,310","Refrigerador Mabe Automático 15 Pies 400 L Inox Mate","25,299.0","Coppel Mx","Mabe","peso","Inicio > Línea Blanca > Refrigeradores y congeladores > Refrigeradores","https://www.coppel.com/refrigerador-mabe-automatico-15-pies-400-l-inox-mate-mkp-74381310","7,600.0","23.1010056","false","IN > Electronics > Kitchen Appliances > Refrigerators","grey","","","","","","","","","","","","","","","","","","yes","","","","multi air flow","*Dependerá del domicilio de entrega Recíbelo entre 3 y 10 días hábiles","Envío gratis*","","","","","","15 feet","","","Desde $1,070 quincenales 25664 pesos en 24 quincenas ( $25,664 en 24 quincenas* )","","","","","Bomssa"
"682eb0bf2441b2e0540d5cb6","624,667","Refrigerador Hisense Una Puerta 7 Pies Gris RR63D6WGX","8,299.0","Coppel Mx","Hisense","peso","Inicio > Línea Blanca > Refrigeradores y congeladores > Refrigeradores","https://www.coppel.com/pdp/refrigerador-hisense-una-puerta-7-pies-gris-rr63d6wgx-pm-6246673","3,100.0","27.1953678","false","IN > Electronics > Kitchen Appliances > Refrigerators","grey","","","","","rr63d6wgx","","","","","","manual","","","","","","","yes","manual","","1","","*Dependerá del domicilio de entrega Recíbelo entre 2 y 7 días hábiles","Envío gratis*","","","1","","top","7 feet","","yes","Desde $291 quincenales 6967 pesos en 24 quincenas ( $6,967 en 24 quincenas* )","","","","","Coppel"
"682eafa32441b2e0540d5bd9","653,608","Refrigerador Samsung French Door 22 Pies Plateado RF22A4010S9EM","26,799.0","Coppel Mx","Samsung","peso","Inicio > Línea Blanca > Refrigeradores y congeladores > Refrigeradores","https://www.coppel.com/refrigerador-samsung-french-door-22-pies-plata-rf22a4010s9em-pm-6536083","7,500.0","21.8665276","false","IN > Electronics > Kitchen Appliances > Refrigerators","silver","","","","","rf22a4010s9em","","","","","","digital","","","","","","","yes","digital","","2","inverter","*Dependerá del domicilio de entrega Recíbelo entre 2 y 7 días hábiles","Envío gratis*","","","2","automatic","bottom","22 feet","french door","","Desde $1,079 quincenales 25861 pesos en 24 quincenas ( $25,861 en 24 quincenas* )","","","","","Coppel"
"682eaffd2441b2e0540d5c20","74,381,230","Refrigerador Samsung RT38DG6734S9EM Gris Top Mount 14 Pies","17,999.0","Coppel Mx","Samsung","peso","Inicio > Línea Blanca > Refrigeradores y congeladores > Refrigeradores","https://www.coppel.com/refrigerador-samsung-rt38dg6734s9em-gris-top-mount-14-pies-mkp-74381230","4,400.0","19.643734","false","IN > Electronics > Kitchen Appliances > Refrigerators","grey","","","","","rt38dg6734s9em","","","","","","","","","","","","","","","","2","all around cooling","*Dependerá del domicilio de entrega Recíbelo entre 3 y 10 días hábiles","Envío gratis*","","","","","top","14 feet","top mount","","Desde $822 quincenales 19719 pesos en 24 quincenas ( $19,719 en 24 quincenas* )","","","","","Tienda Oficial Samsung"
"682eb0632441b2e0540d5c71","645,206","Refrigerador Hisense Una Puerta 9 Pies Azul CVC494N3AWX","21,999.0","Coppel Mx","Hisense","peso","Inicio > Línea Blanca > Refrigeradores y congeladores > Refrigeradores","https://www.coppel.com/refrigerador-hisense-one-door-9-pies-azul-cvc494n3awx-pm-6452063","3,000.0","12.0004797","false","IN > Electronics > Kitchen Appliances > Refrigerators","blue","","","","","cvc494n3awx","","","","","","manual","","","","","","","yes","manual","","1","compressor cooling","*Dependerá del domicilio de entrega Recíbelo entre 2 y 7 días hábiles","Envío gratis*","","","","","","9 feet","","","Desde $1,062 quincenales 25459 pesos en 24 quincenas ( $25,459 en 24 quincenas* )","","","","","Coppel"
"682eb15a2441b2e0540d5d3c","74,381,257","Refrigerador 9 Pies Cúbicos Hisense Top Mount Gris Rt90n6wkx2","11,069.0","Coppel Mx","Hisense","peso","Inicio > Línea Blanca > Refrigeradores y congeladores > Refrigeradores","https://www.coppel.com/pdp/refrigerador-9-pies-cubicos-hisense-top-mount-gris-rt90n6wkx2-mkp-74381257","2,220.0","16.7055454","false","IN > Electronics > Kitchen Appliances > Refrigerators","grey","","","","","rt90n6wkx2","","","","","","","","","","","","","","","","2","frost free","*Dependerá del domicilio de entrega Recíbelo entre 3 y 10 días hábiles","Envío gratis*","","","","","top","9 cubic feet","top mount","","Desde $535 quincenales 12832 pesos en 24 quincenas ( $12,832 en 24 quincenas* )","","","","","Top Seller Electronica"
"682eafa42441b2e0540d5bdb","663,085","Refrigerador Samsung Top Mount 19 Pies Gris RT53DG6128S9EM","19,499.0","Coppel Mx","Samsung","peso","Inicio > Línea Blanca > Refrigeradores y congeladores > Refrigeradores","https://www.coppel.com/pdp/refrigerador-samsung-top-mount-19-pies-gris-rt53dg6128s9em-pm-6630853","7,300.0","27.2398224","false","IN > Electronics > Kitchen Appliances > Refrigerators","grey","","","","","rt53dg6128s9em","","","","","","digital","","","","","","","yes","digital","","2","smart inverter","*Dependerá del domicilio de entrega Recíbelo entre 2 y 7 días hábiles","Envío gratis*","","","1","","top","19 feet","top mount","","Desde $682 quincenales 16347 pesos en 24 quincenas ( $16,347 en 24 quincenas* )","","","","","Coppel"
"682eae9b2441b2e0540d5bd4","660,957","Refrigerador Samsung French Door 32 Pies Plateado RF32CG5A10S9EM","31,999.0","Coppel Mx","Samsung","peso","Inicio > Línea Blanca > Refrigeradores y congeladores > Refrigeradores","https://www.coppel.com/pdp/refrigerador-samsung-french-door-32-pies-plateado-rf32cg5a10s9em-pm-6609573","9,000.0","21.9517555","false","IN > Electronics > Kitchen Appliances > Refrigerators","silver","","","","","rf32cg5a10s9em","","","","","","digital","","","","","","","yes","digital","","2","smart inverter,inverter","*Dependerá del domicilio de entrega Recíbelo entre 2 y 7 días hábiles","Envío gratis*","","yes","2","automatic","bottom","32 feet","french door","","Desde $1,285 quincenales 30819 pesos en 24 quincenas ( $30,819 en 24 quincenas* )","","","","","Coppel"
"682eb0c22441b2e0540d5cb8","663,093","Refrigerador Samsung Top Mount 15 Pies Plateado RT42DG6224S9EM","16,799.0","Coppel Mx","Samsung","peso","Inicio > Línea Blanca > Refrigeradores y congeladores > Refrigeradores","https://www.coppel.com/refrigerador-samsung-top-mount-15-pies-plata-rt42dg6224s9em-pm-6630933","4,200.0","20.0009518","false","IN > Electronics > Kitchen Appliances > Refrigerators","silver","","","","","rt42dg6224s9em","","","","","","manual","","","","","","","yes","manual","","2","inverter","*Dependerá del domicilio de entrega Recíbelo entre 2 y 7 días hábiles","Envío gratis*","","","1","automatic","top","15 feet","top mount","","Desde $704 quincenales 16883 pesos en 24 quincenas ( $16,883 en 24 quincenas* )","","","","","Coppel"
"682eb1322441b2e0540d5d19","74,381,207","Refrigerador Samsung 11 Pies Cúbicos Top Mount Gris Rt31dg5224s9","12,599.0","Coppel Mx","Samsung","peso","Inicio > Línea Blanca > Refrigeradores y congeladores > Refrigeradores","https://www.coppel.com/refrigerador-samsung-11-pies-cubicos-top-mount-gris-rt31dg5224s9-mkp-74381207","1,100.0","8.02978325","false","IN > Electronics > Kitchen Appliances > Refrigerators","grey","","","","","rt31dg5224s9","","","","","","","","","","","","","","","","2","smart inverter","*Dependerá del domicilio de entrega Recíbelo entre 3 y 10 días hábiles","Envío gratis*","","","","","top","11 cubic feet","top mount","","Desde $695 quincenales 16674 pesos en 24 quincenas ( $16,674 en 24 quincenas* )","","","","","Tienda Oficial Samsung"
"686169cc7fb1b72384093b7a","74,381,315","Refrigerador 12 Pies Gris Ai Top Mount Rt35dg5224s9 Samsung","13,499.0","Coppel Mx","Samsung","peso","Inicio > Línea Blanca > Refrigeradores y congeladores > Refrigeradores","https://www.coppel.com/refrigerador-12-pies-gris-ai-top-mount-rt35dg5224s9-samsung-mkp-74381315","0.0","0","false","IN > Electronics > Kitchen Appliances > Refrigerators","grey","","","","","rt35dg5224s9","","","","","","","","","","","","","","","","2","smart inverter","*Dependerá del domicilio de entrega Recíbelo entre 3 y 10 días hábiles","Envío gratis*","","","","","top","12 feet","top mount","","Desde $816 quincenales 19574 pesos en 24 quincenas ( $19,574 en 24 quincenas* )","","","","","SATUS INTELIGENCIA COMERCIAL"
"682eb0a72441b2e0540d5ca2","616,613","Refrigerador Mabe Top Mount 10 Pies Plateado RMA1025YMXE","12,599.0","Coppel Mx","Mabe","peso","Inicio > Línea Blanca > Refrigeradores y congeladores > Refrigeradores","https://www.coppel.com/refrigerador-mabe-top-mount-10-pies-plata-rma1025ymxe-pm-6166133","3,600.0","22.2235947","false","IN > Electronics > Kitchen Appliances > Refrigerators","silver","","","","","rma1025/250fymre","","","","","","manual","","","","","","","yes","manual","","2","frost free","*Dependerá del domicilio de entrega Recíbelo entre 2 y 7 días hábiles","Envío gratis*","","","1","automatic","top","10 feet","top mount","","Desde $503 quincenales 12059 pesos en 24 quincenas ( $12,059 en 24 quincenas* )","","","","","Coppel"
"683c7ada1c054aaba3044e73","667,102","Refrigerador Samsung Side by Side 23 Pies Blanco RM90F66CDWEM","75,199.0","Coppel Mx","Samsung","peso","Inicio > Línea Blanca > Refrigeradores y congeladores > Refrigeradores","https://www.coppel.com/refrigerador-samsung-side-by-side-23-pies-blanco-rm90f66cdwem-pm-6671023","17,200.0","18.6149197","false","IN > Electronics > Kitchen Appliances > Refrigerators","white","","","","","rm90f66cdwem","","","","","","touch panel","","","","","","","yes","touch panel","","4","smart inverter","*Dependerá del domicilio de entrega Recíbelo entre 2 y 7 días hábiles","Envío gratis*","","yes","4","automatic","bottom","23 feet","side-by-side","","Desde $3,239 quincenales 77719 pesos en 24 quincenas ( $77,719 en 24 quincenas* )","","","","","Coppel"
"682eb07e2441b2e0540d5c83_white","663,913","Refrigerador Aspix Una Puerta RSDS7PA 7 Pies Blanco","7,399.0","Coppel Mx","Aspix","peso","Inicio > Línea Blanca > Refrigeradores y congeladores > Refrigeradores","https://www.coppel.com/pdp/refrigerador-aspix-una-puerta-rsds7pa-7-pies-blanco-pm-6639133","2,900.0","28.1580734","false","IN > Electronics > Kitchen Appliances > Refrigerators","white","","","","","rsds7pa","","","","","","manual","","","","","","","yes","manual","","1","automatic","*Dependerá del domicilio de entrega Recíbelo entre 2 y 7 días hábiles","Envío gratis*","manual","","1","automatic","top","7 feet","","","Desde $252 quincenales 6029 pesos en 24 quincenas ( $6,029 en 24 quincenas* )","","","","","Coppel"
"682eb0682441b2e0540d5c75","661,287","Refrigerador LG French Door 25 Pies Plateado GM25BQSASTFMXM","32,999.0","Coppel Mx","Lg","peso","Inicio > Línea Blanca > Refrigeradores y congeladores > Refrigeradores","https://www.coppel.com/refrigerador-lg-french-door-25-pies-plateado-gm25bqsastfmxm-pm-6612873","8,500.0","20.4824219","false","IN > Electronics > Kitchen Appliances > Refrigerators","silver","","","","","gm25bqs.astfmxm","","","","","","digital","","","","","","","yes","digital","","3","multi air flow,door cooling","*Dependerá del domicilio de entrega Recíbelo entre 2 y 7 días hábiles","Envío gratis*","","","2","automatic","bottom","25 feet","french door","","Desde $1,369 quincenales 32829 pesos en 24 quincenas ( $32,829 en 24 quincenas* )","","","","","Coppel"
"682eb0a12441b2e0540d5c9d","74,381,194","Refrigerador Midea Automático Top Mount Smart Sensor Lake Silver 10 Pies Cúbicos con Dispensador de Agua","11,799.0","Coppel Mx","Midea","peso","Inicio > Línea Blanca > Refrigeradores y congeladores > Refrigeradores","https://www.coppel.com/refrigerador-midea-automatico-top-mount-smart-sensor-lake-silver-10-pies-cubicos-con-dispensador-de-agua-mkp-74381194","4,000.0","25.318058","false","IN > Electronics > Kitchen Appliances > Refrigerators","silver,blue","","","","","","","","","","","","","","","","","","","","","2","smart cooling","*Dependerá del domicilio de entrega Recíbelo entre 3 y 10 días hábiles","Envío gratis*","","","","","top","10 cubic feet","top mount","","Desde $472 quincenales 11309 pesos en 24 quincenas ( $11,309 en 24 quincenas* )","","","","","Midea Mexico"
"682eafa92441b2e0540d5bdf","642,665","Refrigerador Mabe RMB520IJMRP0 Bottom Mount 19 Pies Negro","24,999.0","Coppel Mx","Mabe","peso","Inicio > Línea Blanca > Refrigeradores y congeladores > Refrigeradores","https://www.coppel.com/refrigerador-mabe-rmb520ijmrp0-bottom-mount-19-pies-negro-pm-6426653","6,000.0","19.355463","false","IN > Electronics > Kitchen Appliances > Refrigerators","black","","","","","rmb520ijmrp0","","","","","","touch panel","","","","","","","yes","touch panel","","2","","*Dependerá del domicilio de entrega Recíbelo entre 2 y 7 días hábiles","Envío gratis*","","","1","automatic","bottom","19 feet","bottom mount","","Desde $1,062 quincenales 25459 pesos en 24 quincenas ( $25,459 en 24 quincenas* )","","","","","Coppel"
"682eb0ca2441b2e0540d5cc0","659,274","Refrigerador Hisense Bottom Mount 15 Pies Negro RB15N6FBX1","20,999.0","Coppel Mx","Hisense","peso","Inicio > Línea Blanca > Refrigeradores y congeladores > Refrigeradores","https://www.coppel.com/refrigerador-hisense-bottom-mount-15-pies-negro-rb15n6fbx1-pm-6592743","6,500.0","23.6372223","false","IN > Electronics > Kitchen Appliances > Refrigerators","black","","","","","rb15n6fbx1","","","","","","digital","","","","","","","yes","digital","","2","inverter","*Dependerá del domicilio de entrega Recíbelo entre 2 y 7 días hábiles","Envío gratis*","","","1","automatic","bottom","15 feet","bottom mount","","Desde $811 quincenales 19429 pesos en 24 quincenas ( $19,429 en 24 quincenas* )","","","","","Coppel"
"682eb1252441b2e0540d5d0f","74,381,201","Refrigerador Hamilton Beach Top Mount 8 Pies Plata HBR80TS1E","7,299.0","Coppel Mx","Hamilton Beach","peso","Inicio > Línea Blanca > Refrigeradores y congeladores > Refrigeradores","https://www.coppel.com/refrigerador-hamilton-beach-hbr80ts1e-top-mount-8-pies-plata-mkp-74381201","600.0","7.59589815","false","IN > Electronics > Kitchen Appliances > Refrigerators","silver","","","","","hbr80ts1e","","","","","","","","","","","","","","","","2","","*Dependerá del domicilio de entrega Recíbelo entre 3 y 10 días hábiles","Envío gratis*","","","","","top","8 feet","top mount","","Desde $405 quincenales 9714 pesos en 24 quincenas ( $9,714 en 24 quincenas* )","","","","","Compra Ahora"
"682b2725005606a19406ee36","626,732","Refrigerador Mabe Top Mount 11 Pies Grafito","13,799.0","Coppel Mx","Mabe","peso","Inicio > Línea Blanca > Refrigeradores y congeladores > Refrigeradores","https://www.coppel.com/pdp/refrigerador-mabe-top-mount-11-pies-grafito-pm-6267323","3,600.0","20.6908436","false","IN > Electronics > Kitchen Appliances > Refrigerators","grey","","","","","rma300fjmrm0","","","","","","manual","","","","","","","yes","manual","","2","frost free","*Dependerá del domicilio de entrega Recíbelo entre 2 y 7 días hábiles","Envío gratis*","","","1","automatic","top","11 feet","top mount","","Desde $570 quincenales 13667 pesos en 24 quincenas ( $13,667 en 24 quincenas* )","","","","","Coppel"
"682eb0642441b2e0540d5c72","661,309","Refrigerador Hisense Top Mount 8 Pies Negro RT80D6WGX","8,999.0","Coppel Mx","Hisense","peso","Inicio > Línea Blanca > Refrigeradores y congeladores > Refrigeradores","https://www.coppel.com/pdp/refrigerador-hisense-top-mount-8-pies-negro-rt80d6wgx-pm-6613093","2,300.0","20.3557835","false","IN > Electronics > Kitchen Appliances > Refrigerators","black","","","","","rt80d6wgx","","","","","","manual","","","","","","","yes","manual","","2","","*Dependerá del domicilio de entrega Recíbelo entre 2 y 7 días hábiles","Envío gratis*","","","1","manual","top","8 feet","top mount","","Desde $375 quincenales 8977 pesos en 24 quincenas ( $8,977 en 24 quincenas* )","","","","","Coppel"
"682eb1472441b2e0540d5d2a","74,381,056","Refrigerador Midea 10 Pies Gris MDRT280WINDX","9,599.0","Coppel Mx","Midea","peso","Inicio > Línea Blanca > Refrigeradores y congeladores > Refrigeradores","https://www.coppel.com/refrigerador-midea-mdrt280windx-color-gris-10-pies-mkp-74381056","1,160.0","10.7816715","false","IN > Electronics > Kitchen Appliances > Refrigerators","grey","","","","","mdrt280windx","","","","","","","","","","","","","","","","","smart cooling","*Dependerá del domicilio de entrega Recíbelo entre 3 y 10 días hábiles","Envío gratis*","digital","","","","","10 feet","","","Desde $510 quincenales 12237 pesos en 24 quincenas ( $12,237 en 24 quincenas* )","","","","","Telemaco"
"682eb1232441b2e0540d5d0d","74,381,193","Refrigerador Mabe Ome Energy Saver 10 Pies Grafito","16,129.0","Coppel Mx","Mabe","peso","Inicio > Línea Blanca > Refrigeradores y congeladores > Refrigeradores","https://www.coppel.com/refrigerador-mabe-10-250-l-grafito-mkp-74381193","4,839.0","23.0780239","false","IN > Electronics > Kitchen Appliances > Refrigerators","grey","","","","","","","","","","","","","","","","","","yes","","","","multi air flow","*Dependerá del domicilio de entrega Recíbelo entre 3 y 10 días hábiles","Envío gratis*","","","","","","10 feet","","","Desde $683 quincenales 16371 pesos en 24 quincenas ( $16,371 en 24 quincenas* )","","","","","Bomssa"
"682eb0242441b2e0540d5c42","666,459","Refrigerador TCL Top Mount 15 Pies Gris TDD15BW","12,999.0","Coppel Mx","Tcl","peso","Inicio > Línea Blanca > Refrigeradores y congeladores > Refrigeradores","https://www.coppel.com/pdp/refrigerador-tcl-top-mount-15-pies-gris-tdd15bw-pm-6664593","2,800.0","17.722641","false","IN > Electronics > Kitchen Appliances > Refrigerators","grey","","","","","tdd15bw","","","","","","","","","","","","","no","","","2","frost free","*Dependerá del domicilio de entrega Recíbelo entre 2 y 7 días hábiles","Envío gratis*","","","1","automatic","top","15 feet","top mount","","Desde $570 quincenales 13667 pesos en 24 quincenas ( $13,667 en 24 quincenas* )","","","","","Coppel"
"682eb0742441b2e0540d5c7c","663,115","Refrigerador Samsung Top Mount 12 Pies Gris RT35DG5224S9EM","13,999.0","Coppel Mx","Samsung","peso","Inicio > Línea Blanca > Refrigeradores y congeladores > Refrigeradores","https://www.coppel.com/refrigerador-samsung-top-mount-12-pies-gris-rt35dg5224s9em-pm-6631153","2,600.0","15.6635942","false","IN > Electronics > Kitchen Appliances > Refrigerators","grey","","","","","rt35dg5224s9em","","","","","","digital","","","","","","","yes","digital","","2","inverter","*Dependerá del domicilio de entrega Recíbelo entre 2 y 7 días hábiles","Envío gratis*","","","1","automatic","top","12 feet","top mount","","Desde $637 quincenales 15275 pesos en 24 quincenas ( $15,275 en 24 quincenas* )","","","","","Coppel"
"682eb05f2441b2e0540d5c6d","662,951","Refrigerador Aspix Una Puerta 7 Pies Negro RSDN7PA","7,199.0","Coppel Mx","Aspix","peso","Inicio > Línea Blanca > Refrigeradores y congeladores > Refrigeradores","https://www.coppel.com/refrigerador-aspix-7-pies-negro-rsdn7pa-pm-6629513","2,400.0","25.0026035","false","IN > Electronics > Kitchen Appliances > Refrigerators","black","","","","","rsdn7pa","","","","","","manual","","","","","","","yes","manual","","1","","*Dependerá del domicilio de entrega Recíbelo entre 2 y 7 días hábiles","Envío gratis*","","","1","manual","top","7 feet","","","Desde $269 quincenales 6431 pesos en 24 quincenas ( $6,431 en 24 quincenas* )","","","","","Coppel"
"682eaff72441b2e0540d5c1a","74,381,214","Refrigerador Whirlpool 12 Pies Cúbicos Gris Wt-1231d","12,099.0","Coppel Mx","Whirlpool","peso","Inicio > Línea Blanca > Refrigeradores y congeladores > Refrigeradores","https://www.coppel.com/refrigerador-12-pies-cubicos-con-2-puertas-wt-1231d-whirlpool-mkp-74381214","1,800.0","12.950572","false","IN > Electronics > Kitchen Appliances > Refrigerators","grey","","","","","wt-1231d","","","","","","","","","","","","","","","","","","*Dependerá del domicilio de entrega Recíbelo entre 3 y 10 días hábiles","Envío gratis*","","","","","","12 cubic feet","","","Desde $623 quincenales 14934 pesos en 24 quincenas ( $14,934 en 24 quincenas* )","","","","","Whirlpool México"
"68583d6ef915b3df7604eb71","74,371,119","Refrigerador Top Mount Lg 15 Pies color Acero Inoxidable","16,886.0","Coppel Mx","Lg","peso","Inicio > Línea Blanca > Refrigeradores y congeladores > Refrigeradores","https://www.coppel.com/refrigerador-top-mount-lg-15-pies-color-acero-inoxidable-mkp-74371119","3,897.0","18.7509022","false","IN > Electronics > Kitchen Appliances > Refrigerators","grey","","","","","","","","","","","","","","","","","","","","","2","","*Dependerá del domicilio de entrega Recíbelo entre 3 y 10 días hábiles","Envío gratis*","","","","","top","15 feet","top mount","","Desde $785 quincenales 18835 pesos en 24 quincenas ( $18,835 en 24 quincenas* )","","","","","Ecomsellers"
"682eafe42441b2e0540d5c09","666,432","Refrigerador TCL Top Mount 11 Pies Gris TDD11S","9,999.0","Coppel Mx","Tcl","peso","Inicio > Línea Blanca > Refrigeradores y congeladores > Refrigeradores","https://www.coppel.com/refrigerador-tcl-top-mount-11-pies-gris-tdd11s-pm-6664323","2,000.0","16.6680565","false","IN > Electronics > Kitchen Appliances > Refrigerators","grey","","","","","tdd11s","","","","","","digital","","","","","","","no","digital","","2","compressor cooling","*Dependerá del domicilio de entrega Recíbelo entre 2 y 7 días hábiles","Envío gratis*","","","","automatic","top","11 feet","top mount","","Desde $448 quincenales 10719 pesos en 24 quincenas ( $10,719 en 24 quincenas* )","","","","","Coppel"
"68506d3461999c0bd60b0610_silver","74,381,273","Refrigerador Samsung French Door 32ft Plateado","27,699.0","Coppel Mx","Samsung","peso","Inicio > Línea Blanca > Refrigeradores y congeladores > Refrigeradores","https://www.coppel.com/refrigerador-samsung-french-door-32ft-plateado-mkp-74381273","3,500.0","11.2183084","false","IN > Electronics > Kitchen Appliances > Refrigerators","silver","","","","","","","","","","","","","","","","","","","","","","","*Dependerá del domicilio de entrega Recíbelo entre 3 y 10 días hábiles","Envío gratis*","","","","","","32 feet","french door","","Desde $1,463 quincenales 35089 pesos en 24 quincenas ( $35,089 en 24 quincenas* )","","","","","Tienda Oficial Samsung"
"682eb0252441b2e0540d5c44","74,381,150","Refrigerador Midea Top Mount 15 Pies Cúbicos Gris MDRT580MTM46W","13,299.0","Coppel Mx","Midea","peso","Inicio > Línea Blanca > Refrigeradores y congeladores > Refrigeradores","https://www.coppel.com/refrigerador-top-mount-midea-smart-sensor-bru-steel-15-pies-cubicos-mkp-74381150","2,550.0","16.089344","false","IN > Electronics > Kitchen Appliances > Refrigerators","grey","","","","","mdrt580mtm46w","","","","","","","","","","","","","","","","2","smart cooling","*Dependerá del domicilio de entrega Recíbelo entre 3 y 10 días hábiles","Envío gratis*","","","","","top","15 cubic feet","top mount","","Desde $650 quincenales 15587 pesos en 24 quincenas ( $15,587 en 24 quincenas* )","","","","","Telemaco"
"682eaea12441b2e0540d5bd7","645,133","Refrigerador Mabe Bottom Mount 15 Pies Grafito RMB400IAMRE0","21,999.0","Coppel Mx","Mabe","peso","Inicio > Línea Blanca > Refrigeradores y congeladores > Refrigeradores","https://www.coppel.com/refrigerador-mabe-bottom-mount-15-pies-grafito-rmb400iamre0-pm-6451333","5,400.0","19.7087479","false","IN > Electronics > Kitchen Appliances > Refrigerators","grey","","","","","rmb400iamre0","","","","","","touch panel","","","","","","","yes","touch panel","","2","","*Dependerá del domicilio de entrega Recíbelo entre 2 y 7 días hábiles","Envío gratis*","","","1","automatic","bottom","15 feet","bottom mount","","Desde $928 quincenales 22243 pesos en 24 quincenas ( $22,243 en 24 quincenas* )","","","","","Coppel"
"682eb14c2441b2e0540d5d30","74,381,085","Refrigerador Whirlpool 12p3 Silver Wt-1231d/1230k","13,199.0","Coppel Mx","Whirlpool","peso","Inicio > Línea Blanca > Refrigeradores y congeladores > Refrigeradores","https://www.coppel.com/pdp/refrigerador-whirlpool-12p3-silver-wt-1231d/1230k-mkp-74381085","1,260.0","8.71429539","false","IN > Electronics > Kitchen Appliances > Refrigerators","silver","","","","","wt-1231d","","","","","","","","","","","","","","","","","","*Dependerá del domicilio de entrega Recíbelo entre 3 y 10 días hábiles","Envío gratis*","","","","","","12 cubic feet","","","Desde $722 quincenales 17312 pesos en 24 quincenas ( $17,312 en 24 quincenas* )","","","","","Starstore"
"682b271d005606a19406ee33","74,381,204","Refrigerador Daewoo Drt-0910asd Gris Top Mount 9 Pies","10,349.0","Coppel Mx","Daewoo","peso","Inicio > Línea Blanca > Refrigeradores y congeladores > Refrigeradores","https://www.coppel.com/refrigerador-daewoo-drt-0910asd-gris-top-mount-9-pies-mkp-74381204","2,070.0","16.6680088","false","IN > Electronics > Kitchen Appliances > Refrigerators","grey","","","","","drt-0910asd","","","","","","","","","","","","","","","","2","","*Dependerá del domicilio de entrega Recíbelo entre 3 y 10 días hábiles","Envío gratis*","","","","","top","9 feet","top mount","","Desde $501 quincenales 12005 pesos en 24 quincenas ( $12,005 en 24 quincenas* )","","","","","DAEWOO"
"682eb1ae2441b2e0540d5d75","664,685","Refrigerador LG French Door 29 Pies Plateado GM39BVP","34,999.0","Coppel Mx","Lg","peso","Inicio > Línea Blanca > Refrigeradores y congeladores > Refrigeradores","https://www.coppel.com/pdp/refrigerador-lg-french-door-29-pies-plateado-gm39bvp-pm-6646853","8,500.0","19.5406799","false","IN > Electronics > Kitchen Appliances > Refrigerators","silver","","","","","gm39bvp","","","","","","digital","","","","","","","yes","digital","","3","smart inverter,door cooling","*Dependerá del domicilio de entrega Recíbelo entre 2 y 7 días hábiles","Envío gratis*","","","","automatic","bottom","29 feet","french door","","Desde $1,481 quincenales 35509 pesos en 24 quincenas ( $35,509 en 24 quincenas* )","","","","","Coppel"
"682b27e032edbddab3042ce6","662,801","Refrigerador Aspix Una Puerta 7 Pies Plateado RSDS7PA","6,999.0","Coppel Mx","Aspix","peso","Inicio > Línea Blanca > Refrigeradores y congeladores > Refrigeradores","https://www.coppel.com/refrigerador-aspix-7-pies-plateado-rsds7pa-pm-6628013","2,200.0","23.9156437","false","IN > Electronics > Kitchen Appliances > Refrigerators","silver","","","","","rsds7pa","","","","","","manual","","","","","","","yes","manual","","1","","*Dependerá del domicilio de entrega Recíbelo entre 2 y 7 días hábiles","Envío gratis*","","","1","manual","top","7 feet","","","Desde $269 quincenales 6431 pesos en 24 quincenas ( $6,431 en 24 quincenas* )","","","","","Coppel"
"682eaff32441b2e0540d5c18","49,561,014","Refrigerador Metalfrio 10 Pies Blanco Rb100 Fgd","25,468.0","Coppel Mx","Metalfrio","peso","Inicio > Línea Blanca > Refrigeradores y congeladores > Refrigeradores","https://www.coppel.com/pdp/refrigerador-metalfrio-10-pies-blanco-rb100-fgd-mkp-49561014","0.0","0","false","IN > Electronics > Kitchen Appliances > Refrigerators","white","","","","","rb100 fgd","","","","","","","","","","","","","","","","1","","*Dependerá del domicilio de entrega Recíbelo entre 3 y 10 días hábiles","Envío gratis*","digital","","","","","10 feet","","","Desde $1,539 quincenales 36929 pesos en 24 quincenas ( $36,929 en 24 quincenas* )","","","","","BIG 4 SHOP"
"682eb0c32441b2e0540d5cb9","650,846","Refrigerador LG Top Mount 14 Pies Plateado VT40WP","16,999.0","Coppel Mx","Lg","peso","Inicio > Línea Blanca > Refrigeradores y congeladores > Refrigeradores","https://www.coppel.com/refrigerador-lg-top-mount-14-pies-plata-vt40wp-pm-6508463","0.0","0","false","IN > Electronics > Kitchen Appliances > Refrigerators","silver","","","","","vt40wpn.apzcpnm","","","","","","manual","","","","","","","yes","manual","","2","inverter","*Dependerá del domicilio de entrega Recíbelo entre 2 y 7 días hábiles","Envío gratis*","","","1","automatic","top","14 feet","top mount","","Desde $950 quincenales 22779 pesos en 24 quincenas ( $22,779 en 24 quincenas* )","","","","","Coppel"
"685c8c266c25f0db980ef1de","74,381,309","Refrigerador Inverter Daewoo 9 Pies Cúbicos Top Mount Gris Drt-0920hsbi","10,669.0","Coppel Mx","Daewoo","peso","Inicio > Línea Blanca > Refrigeradores y congeladores > Refrigeradores","https://www.coppel.com/refrigerador-inverter-daewoo-9-pies-cubicos-top-mount-gris-drt-0920hsbi-mkp-74381309","2,140.0","16.7070026","false","IN > Electronics > Kitchen Appliances > Refrigerators","grey","","","","","drt-0920hsbi","","","","","","","","","","","","","","","","2","inverter","*Dependerá del domicilio de entrega Recíbelo entre 3 y 10 días hábiles","Envío gratis*","","","","","top","9 cubic feet","top mount","","Desde $516 quincenales 12368 pesos en 24 quincenas ( $12,368 en 24 quincenas* )","","","","","DAEWOO"
"6852da18dc996af99006ebbd","74,381,161","Refrigerador Midea French Door Plus Inverter Bru Steel 19 Pies Cúbicos","16,499.0","Coppel Mx","Midea","peso","Inicio > Línea Blanca > Refrigeradores y congeladores > Refrigeradores","https://www.coppel.com/refrigerador-midea-french-door-plus-inverter-bru-steel-19-pies-cubicos-mkp-74381161","0.0","0","false","IN > Electronics > Kitchen Appliances > Refrigerators","grey","","","","","","","","","","","","","","","","","","","","","","inverter","*Dependerá del domicilio de entrega Recíbelo entre 3 y 10 días hábiles","Envío gratis*","","","","","","19 cubic feet","french door","","Desde $997 quincenales 23924 pesos en 24 quincenas ( $23,924 en 24 quincenas* )","","","","","Midea Mexico"
"682eb0702441b2e0540d5c7a","74,381,064","Refrigerador Whirlpool 21 Pies Cubicos Gris WD1006S","40,799.0","Coppel Mx","Whirlpool","peso","Inicio > Línea Blanca > Refrigeradores y congeladores > Refrigeradores","https://www.coppel.com/pdp/refrigerador-whirlpool-21-pies-cubicos-gris-wd1006s-mkp-74381064","11,600.0","22.1378269","false","IN > Electronics > Kitchen Appliances > Refrigerators","grey","","","","","wd1006s","","","","","","","","","","","","","","","","","","*Dependerá del domicilio de entrega Recíbelo entre 3 y 10 días hábiles","Envío gratis*","","","","","side","21 cubic feet","side-by-side","","Desde $1,765 quincenales 42339 pesos en 24 quincenas ( $42,339 en 24 quincenas* )","","","","","Whirlpool México"
"682b2726005606a19406ee37","646,237","Refrigerador Mabe Top Mount 14 Pies Negro RME360FDMRP0","17,199.0","Coppel Mx","Mabe","peso","Inicio > Línea Blanca > Refrigeradores y congeladores > Refrigeradores","https://www.coppel.com/pdp/refrigerador-mabe-top-mount-14-pies-negro-rme360fdmrp0-pm-6462373","5,200.0","23.2153225","false","IN > Electronics > Kitchen Appliances > Refrigerators","black","","","","","rme360fdmrp0","","","","","","manual","","","","","","","yes","manual","","2","","*Dependerá del domicilio de entrega Recíbelo entre 2 y 7 días hábiles","Envío gratis*","","","1","automatic","top","14 feet","top mount","","Desde $671 quincenales 16079 pesos en 24 quincenas ( $16,079 en 24 quincenas* )","","","","","Coppel"
"682eb0102441b2e0540d5c31","49,561,022","Refrigerador Cristel Criotec 8 Pies Cubicos Blanco Cfx-08","26,243.0","Coppel Mx","Cristel","peso","Inicio > Línea Blanca > Refrigeradores y congeladores > Refrigeradores","https://www.coppel.com/refrigerador-vertical-criotec-cfx-08-mkp-49561022","0.0","0","false","IN > Electronics > Kitchen Appliances > Refrigerators","white","","","","","cfx-08","","","","","","","","","","","","","","","","","","*Dependerá del domicilio de entrega Recíbelo entre 3 y 10 días hábiles","Envío gratis*","","","","","","8 cubic feet","","","Desde $1,586 quincenales 38053 pesos en 24 quincenas ( $38,053 en 24 quincenas* )","","","","","BIG 4 SHOP"
"682eafe42441b2e0540d5c08","74,381,205","Refrigerador Hisense Top Mount 19 Pies Gris Rt19n6acx","19,119.0","Coppel Mx","Hisense","peso","Inicio > Línea Blanca > Refrigeradores y congeladores > Refrigeradores","https://www.coppel.com/pdp/refrigerador-hisense-top-mount-19-pies-gris-rt19n6acx-mkp-74381205","3,830.0","16.6891804","false","IN > Electronics > Kitchen Appliances > Refrigerators","grey","","","","","rt19n6acx","","","","","","","","","","","","","","","","2","multi air flow","*Dependerá del domicilio de entrega Recíbelo entre 3 y 10 días hábiles","Envío gratis*","","","","","top","19 feet","top mount","","Desde $924 quincenales 22170 pesos en 24 quincenas ( $22,170 en 24 quincenas* )","","","","","Top Seller Electronica"
"682eafeb2441b2e0540d5c0f","666,441","Refrigerador TCL Top Mount 12 Pies Negro TDD12B","10,499.0","Coppel Mx","Tcl","peso","Inicio > Línea Blanca > Refrigeradores y congeladores > Refrigeradores","https://www.coppel.com/pdp/refrigerador-tcl-top-mount-12-pies-negro-tdd12b-pm-6664413","1,700.0","13.9355688","false","IN > Electronics > Kitchen Appliances > Refrigerators","black","","","","","tdd12b","","","","","","digital","","","","","","","yes","digital","","2","frost free","*Dependerá del domicilio de entrega Recíbelo entre 2 y 7 días hábiles","Envío gratis*","","","2","automatic","top","12 feet","top mount","","Desde $492 quincenales 11791 pesos en 24 quincenas ( $11,791 en 24 quincenas* )","","","","","Coppel"
"682eb1132441b2e0540d5cff","668,851","Refrigerador Hisense Top Mount 16 Pies Negro RT16N6BDX","18,199.0","Coppel Mx","Hisense","peso","Inicio > Línea Blanca > Refrigeradores y congeladores > Refrigeradores","https://www.coppel.com/pdp/refrigerador-hisense-top-mount-16-pies-negro-rt16n6bdx-pm-6688513","7,700.0","29.7308769","false","IN > Electronics > Kitchen Appliances > Refrigerators","black","","","","","rt16n6bdx","","","","","","manual","","","","","","","yes","manual","","2","inverter","*Dependerá del domicilio de entrega Recíbelo entre 2 y 7 días hábiles","Envío gratis*","","","1","automatic","top","16 feet","top mount","","Desde $587 quincenales 14069 pesos en 24 quincenas ( $14,069 en 24 quincenas* )","","","","","Coppel"
"682eb01b2441b2e0540d5c39","74,381,174","Refrigerador Prime RPR15-S 15P Top Mounted Silver","12,999.0","Coppel Mx","Prime","peso","Inicio > Línea Blanca > Refrigeradores y congeladores > Refrigeradores","https://www.coppel.com/pdp/refrigerador-prime-rpr15-s-15p-top-mounted-silver-mkp-74381174","1,920.0","12.8694954","false","IN > Electronics > Kitchen Appliances > Refrigerators","silver","","","","","rpr15-s","","","","","","","","","","","","","","","","","frost free,inverter","*Dependerá del domicilio de entrega Recíbelo entre 3 y 10 días hábiles","Envío gratis*","","","","","top","9 feet","top mount","","Desde $670 quincenales 16065 pesos en 24 quincenas ( $16,065 en 24 quincenas* )","","","","","Telemaco"
"683bc9be0bcdc7e8fb0ed8e6","74,381,222","Refrigerador Samsung Top Mount Ai Fábrica Hielo Giratorio Gris RT42DG6774S9EM","20,499.0","Coppel Mx","Samsung","peso","Inicio > Línea Blanca > Refrigeradores y congeladores > Refrigeradores","https://www.coppel.com/refrigerador-samsung-top-mount-ai-fabrica-hielo-giratorio-gris-rt42dg6774s9em-mkp-74381222","5,800.0","22.0540714","false","IN > Electronics > Kitchen Appliances > Refrigerators","grey","","","","","rt42dg6774s9em","","","","","","","","","","","","","","","","2","all around cooling","*Dependerá del domicilio de entrega Recíbelo entre 3 y 10 días hábiles","Envío gratis*","","","","","top","","top mount","","Desde $889 quincenales 21314 pesos en 24 quincenas ( $21,314 en 24 quincenas* )","","","","","Tienda Oficial Samsung"
"682eae9e2441b2e0540d5bd6","632,422","Refrigerador Mabe Top Mount 15 Pies Plateado RMS400IAMRX0","18,899.0","Coppel Mx","Mabe","peso","Inicio > Línea Blanca > Refrigeradores y congeladores > Refrigeradores","https://www.coppel.com/pdp/refrigerador-mabe-top-mount-15-pies-plateado-rms400iamrx0-pm-6324223","5,900.0","23.7912827","false","IN > Electronics > Kitchen Appliances > Refrigerators","silver","","","","","rms400iamrx0","","","","","","manual","","","","","","","yes","manual","","2","","*Dependerá del domicilio de entrega Recíbelo entre 2 y 7 días hábiles","Envío gratis*","","","1","automatic","top","15 feet","top mount","","Desde $727 quincenales 17419 pesos en 24 quincenas ( $17,419 en 24 quincenas* )","","","","","Coppel"
"682b2854e635c648ff03f413_silver","652,903","Refrigerador Whirpool Top Mount 11 Pies Plateado WT1133M 11P","13,899.0","Coppel Mx","Whirlpool","peso","Inicio > Línea Blanca > Refrigeradores y congeladores > Refrigeradores","https://www.coppel.com/refrigerador-whirpool-top-mount-11-pies-plateado-wt1133m-11p-pm-6529033","2,600.0","15.7585306","false","IN > Electronics > Kitchen Appliances > Refrigerators","silver","","","","","wt1133m","","","","","","manual","","","","","","","yes","manual","","2","frost free","*Dependerá del domicilio de entrega Recíbelo entre 2 y 7 días hábiles","Envío gratis*","","","1","automatic","top","11 feet","top mount","","Desde $632 quincenales 15141 pesos en 24 quincenas ( $15,141 en 24 quincenas* )","","","","","Coppel"
"682eafaa2441b2e0540d5be0","74,381,163","Refrigerador Midea Cool Direct Top Mount Low Frost 8 Pies Gris MDRT210CCNLS","7,699.0","Coppel Mx","Midea","peso","Inicio > Línea Blanca > Refrigeradores y congeladores > Refrigeradores","https://www.coppel.com/refrigerador-midea-cool-direct-top-mount-low-frost-8-pies-cubicos-mkp-74381163","1,300.0","14.4460497","false","IN > Electronics > Kitchen Appliances > Refrigerators","grey","","","","","mdrt210ccnls","","","","","","","","","","","","","","","","2","low frost","*Dependerá del domicilio de entrega Recíbelo entre 3 y 10 días hábiles","Envío gratis*","","","","low frost","top","8 feet","top mount","","Desde $387 quincenales 9279 pesos en 24 quincenas ( $9,279 en 24 quincenas* )","","","","","Midea Mexico"
"682eb1442441b2e0540d5d27","74,381,224","Refrigerador Samsung Side By Side 27ft Gris Despachador SpaceMax","42,949.0","Coppel Mx","Samsung","peso","Inicio > Línea Blanca > Refrigeradores y congeladores > Refrigeradores","https://www.coppel.com/refrigerador-samsung-side-by-side-27ft-gris-despachador-spacemax-mkp-74381224","16,550.0","27.8155937","false","IN > Electronics > Kitchen Appliances > Refrigerators","grey","","","","","","","","","","","","","","","","","","","","","","","*Dependerá del domicilio de entrega Recíbelo entre 3 y 10 días hábiles","Envío gratis*","","","","","side","27 feet","side-by-side","","Desde $1,595 quincenales 38279 pesos en 24 quincenas ( $38,279 en 24 quincenas* )","","","","","Tienda Oficial Samsung"
"682eb0392441b2e0540d5c52","74,381,137","Refrigerador LG Inverter 9 Pies Gris GT29WDC","18,430.0","Coppel Mx","Lg","peso","Inicio > Línea Blanca > Refrigeradores y congeladores > Refrigeradores","https://www.coppel.com/refrigerador-lg-inverter-9-pies-con-dispensador-de-agua-mkp-74381137","5,531.0","23.0833435","false","IN > Electronics > Kitchen Appliances > Refrigerators","grey","","","","","gt29wdc","","","","","","","","","","","","","","","","","inverter","*Dependerá del domicilio de entrega Recíbelo entre 3 y 10 días hábiles","Envío gratis*","","","","","","9 feet","","","Desde $780 quincenales 18704 pesos en 24 quincenas ( $18,704 en 24 quincenas* )","","","","","Bomssa"
"682eb0ce2441b2e0540d5cc4","616,834","Refrigerador Mabe RME1436XMXE Top Mount 14 Pies Grafito","16,399.0","Coppel Mx","Mabe","peso","Inicio > Línea Blanca > Refrigeradores y congeladores > Refrigeradores","https://www.coppel.com/pdp/refrigerador-mabe-rme1436xmxe-top-mount-14-pies-grafito-pm-6168343","4,800.0","22.6425781","false","IN > Electronics > Kitchen Appliances > Refrigerators","grey","","","","","rme360fxmre0","","","","","","manual","","","","","","","yes","manual","","2","multi air flow","*Dependerá del domicilio de entrega Recíbelo entre 2 y 7 días hábiles","Envío gratis*","","","1","automatic","top","14 feet","top mount","","Desde $649 quincenales 15543 pesos en 24 quincenas ( $15,543 en 24 quincenas* )","","","","","Coppel"
"6835b8956df69ea36b028550","74,381,199","Refrigerador Automático Mabe 19 Pies 510 L Inoxidable","23,289.0","Coppel Mx","Mabe","peso","Inicio > Línea Blanca > Refrigeradores y congeladores > Refrigeradores","https://www.coppel.com/refrigerador-automatico-mabe-19-pies-510-l-inoxidable-mkp-74381199","6,990.0","23.0853062","false","IN > Electronics > Kitchen Appliances > Refrigerators","grey","","","","","","","","","","","","","","","","","","yes","","","","multi air flow","*Dependerá del domicilio de entrega Recíbelo entre 3 y 10 días hábiles","Envío gratis*","","","","","","19 feet","","","Desde $985 quincenales 23634 pesos en 24 quincenas ( $23,634 en 24 quincenas* )","","","","","Bomssa"
"682eb0d52441b2e0540d5cca","666,688","Refrigerador Hisense Side by Side 20 Pies Negro RS20N6WBX","23,499.0","Coppel Mx","Hisense","peso","Inicio > Línea Blanca > Refrigeradores y congeladores > Refrigeradores","https://www.coppel.com/pdp/refrigerador-hisense-side-by-side-20-pies-negro-rs20n6wbx-pm-6666883","8,900.0","27.4699841","false","IN > Electronics > Kitchen Appliances > Refrigerators","black","","","","","rs20n6wbx","","","","","","digital","","","","","","","yes","digital","","2","inverter","*Dependerá del domicilio de entrega Recíbelo entre 2 y 7 días hábiles","Envío gratis*","","","2","automatic","side","20 feet","side-by-side","","Desde $816 quincenales 19563 pesos en 24 quincenas ( $19,563 en 24 quincenas* )","","","","","Coppel"
"682eb06d2441b2e0540d5c79","663,573","Refrigerador Samsung Top Mount 15 Pies Negro RT42DG6734B1EM","18,199.0","Coppel Mx","Samsung","peso","Inicio > Línea Blanca > Refrigeradores y congeladores > Refrigeradores","https://www.coppel.com/pdp/refrigerador-samsung-top-mount-15-pies-negro-rt42dg6734b1em-pm-6635733","5,200.0","22.2231712","false","IN > Electronics > Kitchen Appliances > Refrigerators","black","","","","","rt42dg6734b1em","","","","","","manual","","","","","","","yes","manual","","2","smart inverter","*Dependerá del domicilio de entrega Recíbelo entre 2 y 7 días hábiles","Envío gratis*","","yes","1","automatic","top","15 feet","top mount","","Desde $727 quincenales 17419 pesos en 24 quincenas ( $17,419 en 24 quincenas* )","","","","","Coppel"
"682eb0cd2441b2e0540d5cc3","662,992","Refrigerador Whirlpool Side by Side Xpert 18 Pies Gris WD1600S","22,499.0","Coppel Mx","Whirlpool","peso","Inicio > Línea Blanca > Refrigeradores y congeladores > Refrigeradores","https://www.coppel.com/pdp/refrigerador-whirlpool-side-by-side-xpert-18-pies-gris-wd1600s-pm-6629923","4,900.0","17.8838634","false","IN > Electronics > Kitchen Appliances > Refrigerators","grey","","","","","wd1600s","","","","","","digital","","","","","","","yes","digital","","2","inverter","*Dependerá del domicilio de entrega Recíbelo entre 2 y 7 días hábiles","Envío gratis*","","","4","automatic","side","18 feet","side-by-side","","Desde $984 quincenales 23583 pesos en 24 quincenas ( $23,583 en 24 quincenas* )","","","","","Coppel"
"682eb07a2441b2e0540d5c7f","661,066","Refrigerador Mabe Top Mount 19 Pies Inox Mate RMS510IVMRM0","20,899.0","Coppel Mx","Mabe","peso","Inicio > Línea Blanca > Refrigeradores y congeladores > Refrigeradores","https://www.coppel.com/refrigerador-mabe-top-mount-19-pies-inox-mate-rms510ivmrm0-pm-6610663","9,100.0","30.3343449","false","IN > Electronics > Kitchen Appliances > Refrigerators","grey","","","","","rms510ivmrm0","","","","","","","","","","","","","yes","","","2","multi air flow","*Dependerá del domicilio de entrega Recíbelo entre 2 y 7 días hábiles","Envío gratis*","","","1","","top","19 feet","top mount","","Desde $660 quincenales 15811 pesos en 24 quincenas ( $15,811 en 24 quincenas* )","","","","","Coppel"
"682eb14f2441b2e0540d5d32","74,381,176","Refrigerador Prime Top Mounted 11p Silver RPR11-S","9,999.0","Coppel Mx","Prime","peso","Inicio > Línea Blanca > Refrigeradores y congeladores > Refrigeradores","https://www.coppel.com/refrigerador-prime-rpr11-s-11p-top-mounted-silver-mkp-74381176","1,530.0","13.2708817","false","IN > Electronics > Kitchen Appliances > Refrigerators","silver","","","","","rpr11-s","","","","","","","","","","","","","","","","","","*Dependerá del domicilio de entrega Recíbelo entre 3 y 10 días hábiles","Envío gratis*","","","","","top","13 feet","top mount","","Desde $512 quincenales 12281 pesos en 24 quincenas ( $12,281 en 24 quincenas* )","","","","","Telemaco"
"686169b87fb1b72384093b6f","74,381,319","Refrigerador Samsung Top Mount 19 Pies Gris RT53DG6128S9","17,859.0","Coppel Mx","Samsung","peso","Inicio > Línea Blanca > Refrigeradores y congeladores > Refrigeradores","https://www.coppel.com/refrigerador-samsung-top-mount-19-pies-gris-rt53dg6128s9-mkp-74381319","0.0","0","false","IN > Electronics > Kitchen Appliances > Refrigerators","grey","","","","","rt53dg6128s9","","","","","","","","","","","","","","","","2","smart inverter","*Dependerá del domicilio de entrega Recíbelo entre 3 y 10 días hábiles","Envío gratis*","","","","","top","19 feet","top mount","","Desde $1,079 quincenales 25896 pesos en 24 quincenas ( $25,896 en 24 quincenas* )","","","","","SATUS INTELIGENCIA COMERCIAL"
"682eb1242441b2e0540d5d0e","74,381,066","Refrigerador LG 2 Puertas con Despachador 11 Pies Gt32wpk","13,549.0","Coppel Mx","Lg","peso","Inicio > Línea Blanca > Refrigeradores y congeladores > Refrigeradores","https://www.coppel.com/pdp/refrigerador-lg-2-puertas-con-despachador-11-pies-gt32wpk-mkp-74381066","2,710.0","16.6676922","false","IN > Electronics > Kitchen Appliances > Refrigerators","silver","","","","","gt32wpk","","","","","","","","","","","","","","","","2","linear inverter cooling,multi air flow","*Dependerá del domicilio de entrega Recíbelo entre 3 y 10 días hábiles","Envío gratis*","","","","","","11 feet","","","Desde $655 quincenales 15717 pesos en 24 quincenas ( $15,717 en 24 quincenas* )","","","","","Top Seller Electronica"
"682b285fe635c648ff03f416","74,381,059","Refrigerador Whirlpool WT1331D Top Mount 13p Xpert Energy Saver","13,099.0","Coppel Mx","Whirlpool","peso","Inicio > Línea Blanca > Refrigeradores y congeladores > Refrigeradores","https://www.coppel.com/refrigerador-whirlpool-wt1331d-top-mount-13p-xpert-energy-saver-mkp-74381059","2,800.0","17.6111698","false","IN > Electronics > Kitchen Appliances > Refrigerators","grey","","","","","wt1331d","","","","","","","","","","","","","yes","","","2","","*Dependerá del domicilio de entrega Recíbelo entre 3 y 10 días hábiles","Envío gratis*","","","","","top","13 feet","top mount","","Desde $623 quincenales 14934 pesos en 24 quincenas ( $14,934 en 24 quincenas* )","","","","","Whirlpool México"
"6849c82e0e603f81ad05e88d","666,491","Refrigerador Midea Top Mount 17 Pies Plateado MDRT480WENDXW","17,499.0","Coppel Mx","Midea","peso","Inicio > Línea Blanca > Refrigeradores y congeladores > Refrigeradores","https://www.coppel.com/refrigerador-midea-top-mount-17-pies-plateado-mdrt480wendxw-pm-6664913","4,100.0","18.9823608","false","IN > Electronics > Kitchen Appliances > Refrigerators","silver","","","","","mdrt480wendxw","","","","","","digital","","","","","","","yes","digital","","2","smart cooling","*Dependerá del domicilio de entrega Recíbelo entre 2 y 7 días hábiles","Envío gratis*","digital","yes","2","automatic","top","17 feet","top mount","","Desde $749 quincenales 17955 pesos en 24 quincenas ( $17,955 en 24 quincenas* )","","","","","Coppel"
"682eafdf2441b2e0540d5c04","74,381,210","Refrigerador Daewoo Drt-1210msd Gris Top Mount de 12 Pies","12,639.0","Coppel Mx","Daewoo","peso","Inicio > Línea Blanca > Refrigeradores y congeladores > Refrigeradores","https://www.coppel.com/pdp/refrigerador-daewoo-drt-1210msd-gris-top-mount-de-12-pies-mkp-74381210","2,530.0","16.6787529","false","IN > Electronics > Kitchen Appliances > Refrigerators","grey","","","","","drt-1210msd","","","","","","","","","","","","","","","","2","","*Dependerá del domicilio de entrega Recíbelo entre 3 y 10 días hábiles","Envío gratis*","","","","","top","12 feet","top mount","","Desde $611 quincenales 14659 pesos en 24 quincenas ( $14,659 en 24 quincenas* )","","","","","DAEWOO"
"682b271e005606a19406ee34","662,429","Refrigerador Hisense Top Mount 16 Pies Gris RT16N6DDX","17,999.0","Coppel Mx","Hisense","peso","Inicio > Línea Blanca > Refrigeradores y congeladores > Refrigeradores","https://www.coppel.com/pdp/refrigerador-hisense-top-mount-16-pies-gris-rt16n6ddx-pm-6624293","7,000.0","28.0011196","false","IN > Electronics > Kitchen Appliances > Refrigerators","grey","","","","","rt16n6ddx","","","","","","digital","","","","","","","yes","digital","","2","inverter","*Dependerá del domicilio de entrega Recíbelo entre 2 y 7 días hábiles","Envío gratis*","","","1","automatic","top","16 feet","top mount","","Desde $615 quincenales 14739 pesos en 24 quincenas ( $14,739 en 24 quincenas* )","","","","","Coppel"
"682eb1532441b2e0540d5d36","74,381,229","Refrigerador Samsung Top Mount Cúbicos 12 Pies Color Acero RT35DG5724S9EM","16,999.0","Coppel Mx","Samsung","peso","Inicio > Línea Blanca > Refrigeradores y congeladores > Refrigeradores","https://www.coppel.com/refrigerador-samsung-rt35dg5724s9em-gris-top-mount-12-pies-mkp-74381229","4,900.0","22.3754501","false","IN > Electronics > Kitchen Appliances > Refrigerators","grey","","","","","rt35dg5724s9em","","","","","","","","","","","","","","","","2","all around cooling","*Dependerá del domicilio de entrega Recíbelo entre 3 y 10 días hábiles","Envío gratis*","","","","","top","12 feet","top mount","","Desde $731 quincenales 17544 pesos en 24 quincenas ( $17,544 en 24 quincenas* )","","","","","Tienda Oficial Samsung"
"682b2859e635c648ff03f415","666,483","Refrigerador Midea Top Mount 10 Pies Negro MDRT385MTM28WD","12,499.0","Coppel Mx","Midea","peso","Inicio > Línea Blanca > Refrigeradores y congeladores > Refrigeradores","https://www.coppel.com/pdp/refrigerador-midea-top-mount-10-pies-negro-mdrt385mtm28wd-pm-6664833","3,500.0","21.8763676","false","IN > Electronics > Kitchen Appliances > Refrigerators","black","","","","","mdrt385mtm28wd","","","","","","digital","","","","","","","yes","digital","","2","inverter","*Dependerá del domicilio de entrega Recíbelo entre 2 y 7 días hábiles","Envío gratis*","","","2","automatic","top","10 feet","top mount","","Desde $503 quincenales 12059 pesos en 24 quincenas ( $12,059 en 24 quincenas* )","","","","","Coppel"
"682eb15e2441b2e0540d5d3e","666,467","Refrigerador TCL French Door 18 Pies Silver TFR18SI","19,999.0","Coppel Mx","Tcl","peso","Inicio > Línea Blanca > Refrigeradores y congeladores > Refrigeradores","https://www.coppel.com/refrigerador-tcl-french-door-18-pies-silver-tfr18si-pm-6664673","5,500.0","21.5694733","false","IN > Electronics > Kitchen Appliances > Refrigerators","silver","","","","","tfr18si","","","","","","digital","","","","","","","no","digital","","2","multi air flow","*Dependerá del domicilio de entrega Recíbelo entre 2 y 7 días hábiles","Envío gratis*","","","1","automatic","bottom","18 feet","french door","","Desde $811 quincenales 19429 pesos en 24 quincenas ( $19,429 en 24 quincenas* )","","","","","Coppel"
"682eb0ba2441b2e0540d5cb1","663,123","Refrigerador Samsung Top Mount 11 Pies Gris RT31DG5124S9EM","12,599.0","Coppel Mx","Samsung","peso","Inicio > Línea Blanca > Refrigeradores y congeladores > Refrigeradores","https://www.coppel.com/pdp/refrigerador-samsung-top-mount-11-pies-gris-rt31dg5124s9em-pm-6631233","2,200.0","14.8658695","false","IN > Electronics > Kitchen Appliances > Refrigerators","grey","","","","","rt31dg5124s9em","","","","","","manual","","","","","","","yes","manual","","2","inverter","*Dependerá del domicilio de entrega Recíbelo entre 2 y 7 días hábiles","Envío gratis*","","yes","1","automatic","top","11 feet","top mount","","Desde $582 quincenales 13935 pesos en 24 quincenas ( $13,935 en 24 quincenas* )","","","","","Coppel"
"682eb0a02441b2e0540d5c9c","666,696","Refrigerador Samsung Side by Side 22 Pies Plateado RS22T5561S9/EM","37,599.0","Coppel Mx","Samsung","peso","Inicio > Línea Blanca > Refrigeradores y congeladores > Refrigeradores","https://www.coppel.com/pdp/refrigerador-samsung-side-by-side-22-pies-plateado-rs22t5561s9/em-pm-6666963","8,000.0","17.5442448","false","IN > Electronics > Kitchen Appliances > Refrigerators","silver","","","","","rs22t5561s9/em","","","","","","touch panel","","","","","","","yes","touch panel","","2","smart inverter","*Dependerá del domicilio de entrega Recíbelo entre 2 y 7 días hábiles","Envío gratis*","","yes","2","automatic","side","22 feet","side-by-side","","Desde $1,654 quincenales 39663 pesos en 24 quincenas ( $39,663 en 24 quincenas* )","","","","","Coppel"
"68616c107fb1b72384093c3e","74,381,252","Refrigerador Daewoo 9 Pies Cúbicos Top Mount Gris Drt-0910as","10,685.0","Coppel Mx","Daewoo","peso","Inicio > Línea Blanca > Refrigeradores y congeladores > Refrigeradores","https://www.coppel.com/refrigerador-daewoo-9-pies-cubicos-top-mount-gris-drt-0910as-mkp-74381252","0.0","0","false","IN > Electronics > Kitchen Appliances > Refrigerators","grey","","","","","drt-0910as","","","","","","","","","","","","","","","","2","","*Dependerá del domicilio de entrega Recíbelo entre 3 y 10 días hábiles","Envío gratis*","","","","","top","9 cubic feet","top mount","","Desde $646 quincenales 15494 pesos en 24 quincenas ( $15,494 en 24 quincenas* )","","","","","Endomex"
"682eb1712441b2e0540d5d4b","74,381,227","Refrigerador Samsung RB50DG6320S9EM Gris Bottom Mount","23,749.0","Coppel Mx","Samsung","peso","Inicio > Línea Blanca > Refrigeradores y congeladores > Refrigeradores","https://www.coppel.com/pdp/refrigerador-samsung-rb50dg6320s9em-gris-bottom-mount-mkp-74381227","4,850.0","16.9586353","false","IN > Electronics > Kitchen Appliances > Refrigerators","grey","","","","","rb50dg6320s9em","","","","","","","","","","","","","","","","","all around cooling","*Dependerá del domicilio de entrega Recíbelo entre 3 y 10 días hábiles","Envío gratis*","","","","","bottom","19 cubic feet","bottom mount","","Desde $1,142 quincenales 27404 pesos en 24 quincenas ( $27,404 en 24 quincenas* )","","","","","Tienda Oficial Samsung"
"682eafa72441b2e0540d5bdd","74,381,212","Refrigerador Automático Midea Side By Side Inverter Quattro Bru Steel 17P Gris MDRS619FGM46","16,999.0","Coppel Mx","Midea","peso","Inicio > Línea Blanca > Refrigeradores y congeladores > Refrigeradores","https://www.coppel.com/pdp/refrigerador-automatico-midea-side-by-side-inverter-quattro-bru-steel-17p-gris-mdrs619fgm46-mkp-74381212","2,780.0","14.0553112","false","IN > Electronics > Kitchen Appliances > Refrigerators","grey","","","","","mdrs619fgm46","","","","","","","","","","","","","","","","","inverter","*Dependerá del domicilio de entrega Recíbelo entre 3 y 10 días hábiles","Envío gratis*","","","","","side","17 cubic feet","side-by-side","","Desde $860 quincenales 20618 pesos en 24 quincenas ( $20,618 en 24 quincenas* )","","","","","Telemaco"
"682eb0be2441b2e0540d5cb4","663,107","Refrigerador Samsung Top Mount 14 Pies Plateado RT38DG6224S9EM","14,999.0","Coppel Mx","Samsung","peso","Inicio > Línea Blanca > Refrigeradores y congeladores > Refrigeradores","https://www.coppel.com/pdp/refrigerador-samsung-top-mount-14-pies-plateado-rt38dg6224s9em-pm-6631073","3,000.0","16.667593","false","IN > Electronics > Kitchen Appliances > Refrigerators","silver","","","","","rt38dg6224s9em","","","","","","digital","","","","","","","yes","digital","","2","smart inverter","*Dependerá del domicilio de entrega Recíbelo entre 2 y 7 días hábiles","Envío gratis*","","","1","","top","14 feet","top mount","","Desde $671 quincenales 16079 pesos en 24 quincenas ( $16,079 en 24 quincenas* )","","","","","Coppel"
"682eb0ca2441b2e0540d5cc1","661,058","Refrigerador Mabe Top Mount 19 Pies Plateado Mate RMS510IAMRM0","21,599.0","Coppel Mx","Mabe","peso","Inicio > Línea Blanca > Refrigeradores y congeladores > Refrigeradores","https://www.coppel.com/pdp/refrigerador-mabe-top-mount-19-pies-plateado-mate-rms510iamrm0-pm-6610583","5,600.0","20.5889931","false","IN > Electronics > Kitchen Appliances > Refrigerators","silver","","","","","rms510iamrm0","","","","","","","","","","","","","yes","","","2","multi air flow","*Dependerá del domicilio de entrega Recíbelo entre 2 y 7 días hábiles","Envío gratis*","","","1","","top","19 feet","top mount","","Desde $894 quincenales 21439 pesos en 24 quincenas ( $21,439 en 24 quincenas* )","","","","","Coppel"
"682eafd92441b2e0540d5bff","74,381,008","Refrigerador Whirlpool color Gris Top Mount 17p³","15,799.0","Coppel Mx","Whirlpool","peso","Inicio > Línea Blanca > Refrigeradores y congeladores > Refrigeradores","https://www.coppel.com/refrigerador-whirlpool-color-gris-top-mount-17p%C2%B3-mkp-74381008","2,800.0","15.0545731","false","IN > Electronics > Kitchen Appliances > Refrigerators","grey","","","","","","","","","","","","","","","","","","","","","2","","*Dependerá del domicilio de entrega Recíbelo entre 3 y 10 días hábiles","Envío gratis*","","","","","top","17 cubic feet","top mount","","Desde $786 quincenales 18849 pesos en 24 quincenas ( $18,849 en 24 quincenas* )","","","","","Whirlpool México"
"682eb06c2441b2e0540d5c77","664,651","Refrigerador Hisense Side by Side 23 Pies Plateado RS22N6GCX","24,499.0","Coppel Mx","Hisense","peso","Inicio > Línea Blanca > Refrigeradores y congeladores > Refrigeradores","https://www.coppel.com/refrigerador-hisense-side-by-side-23-pies-plateado-rs22n6gcx-pm-6646513","6,500.0","20.9684181","false","IN > Electronics > Kitchen Appliances > Refrigerators","silver","","","","","rs22n6gcx","","","","","","digital","","","","","","","yes","digital","","2","inverter","*Dependerá del domicilio de entrega Recíbelo entre 2 y 7 días hábiles","Envío gratis*","","","4","automatic","side","23 feet","side-by-side","","Desde $1,006 quincenales 24119 pesos en 24 quincenas ( $24,119 en 24 quincenas* )","","","","","Coppel"
"682eafde2441b2e0540d5c03","74,381,262","Refrigerador Mirage 12 Pies Cúbicos Top Mount Gris Mrx12fs","12,489.0","Coppel Mx","Mirage","peso","Inicio > Línea Blanca > Refrigeradores y congeladores > Refrigeradores","https://www.coppel.com/refrigerador-mirage-12-pies-cubicos-top-mount-gris-mrx12fs-mkp-74381262","2,500.0","16.6788979","false","IN > Electronics > Kitchen Appliances > Refrigerators","grey","","","","","mrx12fs","","","","","","","","","","","","","","","","2","","*Dependerá del domicilio de entrega Recíbelo entre 3 y 10 días hábiles","Envío gratis*","","","","","top","12 cubic feet","top mount","","Desde $604 quincenales 14485 pesos en 24 quincenas ( $14,485 en 24 quincenas* )","","","","","Top Seller Electronica"
"682eb01e2441b2e0540d5c3d","74,381,206","Refrigerador Lg 22 Pies Cúbicos French Door Gris Gf22bgsk","27,249.0","Coppel Mx","Lg","peso","Inicio > Línea Blanca > Refrigeradores y congeladores > Refrigeradores","https://www.coppel.com/pdp/refrigerador-lg-22-pies-cubicos-french-door-gris-gf22bgsk-mkp-74381206","5,450.0","16.6671772","false","IN > Electronics > Kitchen Appliances > Refrigerators","grey","","","","","gf22bgsk","","","","","","","","","","","","","","","","","multi air flow","*Dependerá del domicilio de entrega Recíbelo entre 3 y 10 días hábiles","Envío gratis*","","","","","","22 cubic feet","french door","","Desde $1,318 quincenales 31609 pesos en 24 quincenas ( $31,609 en 24 quincenas* )","","","","","Top Seller Electronica"
"682eb0042441b2e0540d5c25","74,381,216","Refrigerador Acros 13 Pies Cubicos Blanco At-1330w","14,009.0","Coppel Mx","Acros","peso","Inicio > Línea Blanca > Refrigeradores y congeladores > Refrigeradores","https://www.coppel.com/pdp/refrigerador-acros-13-pies-cubicos-blanco-at-1330w-mkp-74381216","0.0","0","false","IN > Electronics > Kitchen Appliances > Refrigerators","white","","","","","at-1330w","","","","","","","","","","","","","","","","","","*Dependerá del domicilio de entrega Recíbelo entre 3 y 10 días hábiles","Envío gratis*","","","","","","13 cubic feet","","","Desde $847 quincenales 20314 pesos en 24 quincenas ( $20,314 en 24 quincenas* )","","","","","Starstore"
"682eb0d12441b2e0540d5cc6","666,661","Refrigerador Hisense Top Mount 14 Pies Negro RT14N6BDX","14,499.0","Coppel Mx","Hisense","peso","Inicio > Línea Blanca > Refrigeradores y congeladores > Refrigeradores","https://www.coppel.com/refrigerador-hisense-top-mount-14-pies-negro-rt14n6bdx-pm-6666613","3,300.0","18.5403671","false","IN > Electronics > Kitchen Appliances > Refrigerators","black","","","","","","","","","","","manual","","","","","","","yes","manual","","2","inverter","*Dependerá del domicilio de entrega Recíbelo entre 2 y 7 días hábiles","Envío gratis*","","yes","1","automatic","top","14 feet","top mount","","Desde $626 quincenales 15007 pesos en 24 quincenas ( $15,007 en 24 quincenas* )","","","","","Coppel"
"686169647fb1b72384093b3f","74,381,316","Refrigerador 12 Pies Top Mount Gris Tdd12b Tcl","11,079.0","Coppel Mx","Tcl","peso","Inicio > Línea Blanca > Refrigeradores y congeladores > Refrigeradores","https://www.coppel.com/refrigerador-12-pies-top-mount-gris-tdd12b-tcl-mkp-74381316","2,220.0","16.6929836","false","IN > Electronics > Kitchen Appliances > Refrigerators","grey","","","","","tdd12b","","","","","","","","","","","","","","","","2","","*Dependerá del domicilio de entrega Recíbelo entre 3 y 10 días hábiles","Envío gratis*","","","","","top","12 feet","top mount","","Desde $536 quincenales 12846 pesos en 24 quincenas ( $12,846 en 24 quincenas* )","","","","","Top Seller Electronica"
"682eb0b92441b2e0540d5cb0","74,381,226","Refrigerador Samsung French Door 3 Puertas 22 Pies Cúbicos Color Acero Oscuro Con Despachador Agua Rf22a4220b1/em","34,299.0","Coppel Mx","Samsung","peso","Inicio > Línea Blanca > Refrigeradores y congeladores > Refrigeradores","https://www.coppel.com/refrigerador-samsung-3-french-door-22ft-gris-con-despachador-de-agua-y-compresor-digital-inverter-mkp-74381226","10,200.0","22.9218636","false","IN > Electronics > Kitchen Appliances > Refrigerators","grey,blue","","","","","rf22a4220b1/em","","","","","","","","","","","","","","","","3","all around cooling","*Dependerá del domicilio de entrega Recíbelo entre 3 y 10 días hábiles","Envío gratis*","","","","","","22 cubic feet","french door","","Desde $1,456 quincenales 34944 pesos en 24 quincenas ( $34,944 en 24 quincenas* )","","","","","Tienda Oficial Samsung"
"682eb0bd2441b2e0540d5cb3","74,381,002","Refrigerador Whirlpool French Door 20 Pies Cubicos Gris MWRF220SEHM","34,199.0","Coppel Mx","Whirlpool","peso","Inicio > Línea Blanca > Refrigeradores y congeladores > Refrigeradores","https://www.coppel.com/refrigerador-whirlpool-french-door-20p%C2%B3-mkp-74381002","6,700.0","16.3818188","false","IN > Electronics > Kitchen Appliances > Refrigerators","grey","","","","","mwrf220sehm","","","","","","","","","","","","","","","","","","*Dependerá del domicilio de entrega Recíbelo entre 3 y 10 días hábiles","Envío gratis*","","","","","","20 cubic feet","french door","","Desde $1,662 quincenales 39874 pesos en 24 quincenas ( $39,874 en 24 quincenas* )","","","","","Whirlpool México"
"682eb0052441b2e0540d5c27","74,381,152","Refrigerador Top Mount Midea Mdrt489mtm46w 13 Pies color Gris","12,329.0","Coppel Mx","Midea","peso","Inicio > Línea Blanca > Refrigeradores y congeladores > Refrigeradores","https://www.coppel.com/refrigerador-top-mount-midea-mdrt489mtm46w-13-pies-color-gris-mkp-74381152","2,390.0","16.2375164","false","IN > Electronics > Kitchen Appliances > Refrigerators","grey","","","","","mdrt489mtm46w","","","","","","","","","","","","","","","","2","smart cooling","*Dependerá del domicilio de entrega Recíbelo entre 3 y 10 días hábiles","Envío gratis*","","","","","top","13 feet","top mount","","Desde $601 quincenales 14412 pesos en 24 quincenas ( $14,412 en 24 quincenas* )","","","","","Telemaco"
"682eb07b2441b2e0540d5c80","664,571","Refrigerador LG Top Freezer 16 Pies Platino VT45BP.APYFMXM","15,499.0","Coppel Mx","Lg","peso","Inicio > Línea Blanca > Refrigeradores y congeladores > Refrigeradores","https://www.coppel.com/pdp/refrigerador-lg-top-freezer-16-pies-platino-vt45bpapyfmxm-pm-6645713","3,500.0","18.4220219","false","IN > Electronics > Kitchen Appliances > Refrigerators","grey","","","","","vt45bp.apyfmxm","","","","","","manual","","","","","","","yes","manual","","2","door cooling","*Dependerá del domicilio de entrega Recíbelo entre 2 y 7 días hábiles","Envío gratis*","","","1","automatic","top","16 feet","top mount","","Desde $671 quincenales 16079 pesos en 24 quincenas ( $16,079 en 24 quincenas* )","","","","","Coppel"
"682eb0b72441b2e0540d5caf","74,381,253","Refrigerador Mabe Rma210pymrm0 8 Pies Cúbicos Gris","8,999.0","Coppel Mx","Mabe","peso","Inicio > Línea Blanca > Refrigeradores y congeladores > Refrigeradores","https://www.coppel.com/pdp/refrigerador-mabe-rma210pymrm0-8-pies-cubicos-gris-mkp-74381253","2,940.0","24.6251774","false","IN > Electronics > Kitchen Appliances > Refrigerators","grey","","","","","rma210pymrm0","","","","","","","","","","","","","","","","","","*Dependerá del domicilio de entrega Recíbelo entre 3 y 10 días hábiles","Envío gratis*","","","","","","8 cubic feet","","","Desde $367 quincenales 8786 pesos en 24 quincenas ( $8,786 en 24 quincenas* )","","","","","Telemaco"
"682eb0c32441b2e0540d5cba_silver","666,751","Refrigerador Whirlpool Top Mount 9 Pies Silver WT32409D 9P","12,999.0","Coppel Mx","Whirlpool","peso","Inicio > Línea Blanca > Refrigeradores y congeladores > Refrigeradores","https://www.coppel.com/refrigerador-whirlpool-top-mount-9-pies-silver-wt32409d-9p-pm-6667513","3,500.0","21.2134075","false","IN > Electronics > Kitchen Appliances > Refrigerators","silver","","","","","wt32409d","","","","","","manual","","","","","","","yes","manual","","2","compressor cooling","*Dependerá del domicilio de entrega Recíbelo entre 2 y 7 días hábiles","Envío gratis*","","","2","","top","9 feet","top mount","","Desde $531 quincenales 12729 pesos en 24 quincenas ( $12,729 en 24 quincenas* )","","","","","Coppel"
"682eaf3b2441b2e0540d5bd8","660,213","Refrigerador LG Top Mount 24 Pies Plateado GT24BS","23,999.0","Coppel Mx","Lg","peso","Inicio > Línea Blanca > Refrigeradores y congeladores > Refrigeradores","https://www.coppel.com/pdp/refrigerador-lg-top-mount-24-pies-plateado-gt24bs-pm-6602133","6,500.0","21.3121738","false","IN > Electronics > Kitchen Appliances > Refrigerators","silver","","","","","gt24bs.astfmxm","","","","","","digital","","","","","","","yes","digital","","2","inverter","*Dependerá del domicilio de entrega Recíbelo entre 2 y 7 días hábiles","Envío gratis*","","","2","automatic","top","24 feet","top mount","","Desde $978 quincenales 23449 pesos en 24 quincenas ( $23,449 en 24 quincenas* )","","","","","Coppel"
"682eb0242441b2e0540d5c41","74,381,069","Refrigerador Acros 11 Pies Silver At1130m","11,499.0","Coppel Mx","Acros","peso","Inicio > Línea Blanca > Refrigeradores y congeladores > Refrigeradores","https://www.coppel.com/pdp/refrigerador-acros-11-pies-silver-at1130m--mkp-74381069","1,500.0","11.5393496","false","IN > Electronics > Kitchen Appliances > Refrigerators","silver","","","","","at1130m","","","","","","","","","","","","","","","","","","*Dependerá del domicilio de entrega Recíbelo entre 3 y 10 días hábiles","Envío gratis*","","","","","","11 feet","","","Desde $605 quincenales 14499 pesos en 24 quincenas ( $14,499 en 24 quincenas* )","","","","","Whirlpool México"
"682eb0cd2441b2e0540d5cc2","666,513","Refrigerador Midea Top Mount 15 Pies Negro MDRT580MTM28WD","16,499.0","Coppel Mx","Midea","peso","Inicio > Línea Blanca > Refrigeradores y congeladores > Refrigeradores","https://www.coppel.com/refrigerador-midea-top-mount-15-pies-negro-mdrt580mtm28wd-pm-6665133","4,500.0","21.4295921","false","IN > Electronics > Kitchen Appliances > Refrigerators","black","","","","","mdrt580mtm28wd","","","","","","digital","","","","","","","yes","digital","","2","inverter","*Dependerá del domicilio de entrega Recíbelo entre 2 y 7 días hábiles","Envío gratis*","","","2","automatic","top","15 feet","top mount","","Desde $671 quincenales 16079 pesos en 24 quincenas ( $16,079 en 24 quincenas* )","","","","","Coppel"
"6868086e8d6cc618c202a1c7","665,398","Refrigerador Aspix Top Mount 8 Pies Negro AX24RTM8WNE","8,299.0","Coppel Mx","Aspix","peso","Inicio > Línea Blanca > Refrigeradores y congeladores > Refrigeradores","https://www.coppel.com/pdp/refrigerador-aspix-top-mount-8-pies-negro-ax24rtm8wne-pm-6653983","2,300.0","21.700161","false","IN > Electronics > Kitchen Appliances > Refrigerators","black","","","","","ax24rtm8wne","","","","","","manual","","","","","","","no","manual","","2","","*Dependerá del domicilio de entrega Recíbelo entre 2 y 7 días hábiles","Envío gratis*","","","1","","top","8 feet","top mount","yes","Desde $336 quincenales 8039 pesos en 24 quincenas ( $8,039 en 24 quincenas* )","","","","","Coppel"
"682eae9d2441b2e0540d5bd5","664,642","Refrigerador Hisense French Door 22 Pies Plateado RF22N6FCX","25,999.0","Coppel Mx","Hisense","peso","Inicio > Línea Blanca > Refrigeradores y congeladores > Refrigeradores","https://www.coppel.com/pdp/refrigerador-hisense-french-door-22-pies-plateado-rf22n6fcx-pm-6646423","8,700.0","25.0727692","false","IN > Electronics > Kitchen Appliances > Refrigerators","silver","","","","","rf22n6fcx","","","","","","digital","","","","","","","yes","digital","","3","inverter","*Dependerá del domicilio de entrega Recíbelo entre 2 y 7 días hábiles","Envío gratis*","","","2","automatic","bottom","22 feet","french door","","Desde $967 quincenales 23181 pesos en 24 quincenas ( $23,181 en 24 quincenas* )","","","","","Coppel"
"682eb15c2441b2e0540d5d3d","74,381,191","Refrigerador New Wave Fc2-37 11 Pies Top Moumt","17,000.0","Coppel Mx","","peso","Inicio > Línea Blanca > Refrigeradores y congeladores > Refrigeradores","https://www.coppel.com/pdp/refrigerador-new-wave-fc2-37-11-pies-top-moumt-mkp-74381191","0.0","0","false","IN > Electronics > Kitchen Appliances > Refrigerators","grey","","","","","fc2-37","","","","","","","","","","","","","","","","","","*Dependerá del domicilio de entrega Recíbelo entre 3 y 10 días hábiles","Envío gratis*","","","","","top","11 feet","","","Desde $1,028 quincenales 24650 pesos en 24 quincenas ( $24,650 en 24 quincenas* )","","","","","HERMANOS VS"
"6835b8936df69ea36b02854b","74,381,202","Refrigerador Midea French Door Inverter Quattro Jazz Black 19P Negro MDRF700FGM28","29,499.0","Coppel Mx","Midea","peso","Inicio > Línea Blanca > Refrigeradores y congeladores > Refrigeradores","https://www.coppel.com/refrigerador-midea-french-door-inverter-quattro-jazz-black-19p-negro-mdrf700fgm28-mkp-74381202","0.0","0","false","IN > Electronics > Kitchen Appliances > Refrigerators","black","","","","","mdrf700fgm28","","","","","","","","","","","","","","","","","inverter","*Dependerá del domicilio de entrega Recíbelo entre 3 y 10 días hábiles","Envío gratis*","","","","","","19 feet","french door","","Desde $1,783 quincenales 42774 pesos en 24 quincenas ( $42,774 en 24 quincenas* )","","","","","Midea Mexico"
"682eb0af2441b2e0540d5ca8","74,381,148","Refrigerador Samsung Xazers28t5b00b1 Inverter color Negro","33,099.0","Coppel Mx","Samsung","peso","Inicio > Línea Blanca > Refrigeradores y congeladores > Refrigeradores","https://www.coppel.com/refrigerador-samsung-xazers28t5b00b1-inverter-color-negro-mkp-74381148","9,500.0","22.300993","false","IN > Electronics > Kitchen Appliances > Refrigerators","black","","","","","","","","","","","","","","","","","","","","","","inverter","*Dependerá del domicilio de entrega Recíbelo entre 3 y 10 días hábiles","Envío gratis*","","","","","","21 cubic feet","","","Desde $1,426 quincenales 34219 pesos en 24 quincenas ( $34,219 en 24 quincenas* )","","","","","Tienda Oficial Samsung"
"6835b8946df69ea36b02854d","74,381,278","Refrigerador Lg Top Freezer 20³pies Negro Essence Smart Inverter","24,570.0","Coppel Mx","Lg","peso","Inicio > Línea Blanca > Refrigeradores y congeladores > Refrigeradores","https://www.coppel.com/refrigerador-lg-top-freezer-20%C2%B3pies-negro-essence-smart-inverter-mkp-74381278","7,371.0","23.0769234","false","IN > Electronics > Kitchen Appliances > Refrigerators","black","","","","","","","","","","","","","","","","","","","","","2","smart inverter","*Dependerá del domicilio de entrega Recíbelo entre 3 y 10 días hábiles","Envío gratis*","","","","","top","20 feet","top mount","","Desde $1,040 quincenales 24939 pesos en 24 quincenas ( $24,939 en 24 quincenas* )","","","","","Bomssa"
"682eb0dd2441b2e0540d5cd0_white","74,371,253","Refrigerador para Medicamentos Imbera Home","12,184.0","Coppel Mx","Imbera Home","peso","Inicio > Línea Blanca > Refrigeradores y congeladores > Frigobares","https://www.coppel.com/refrigerador-para-medicamentos-imbera-home-mkp-74371253","0.0","0","false","IN > Electronics > Kitchen Appliances > Refrigerators","white","","","","","","","","","","","","","","","","","","","","","","","*Dependerá del domicilio de entrega Recíbelo entre 3 y 10 días hábiles","Envío gratis*","","","","","","15 feet","mini fridge","","Desde $737 quincenales 17667 pesos en 24 quincenas ( $17,667 en 24 quincenas* )","","","","","IMBERA SA DE CV"
