Sku_id,Name,Category,Brand,Url,Price,Discount,Out,Status,Difference
MKP-74381260,Refrigerador Tcl 6 Pies Cúbicos Con Dispensador De Agua TSD60BW-NEGRO,IN > Electronics > Kitchen Appliances > Refrigerators,tcl,https://www.coppel.com/refrigerador-tcl-6-pies-cubicos-con-dispensador-de-agua-tsd60bw-negro-mkp-74381260,4599.0,1150.0,true,Out Of Stock,0
MKP-74381190,Refrigerador Aurus Aru07wb 7p3 Dark Silver C/despachador,IN > Electronics > Kitchen Appliances > Refrigerators,aurus,https://www.coppel.com/refrigerador-aurus-aru07wb-7p3-dark-silver-c-despachador-mkp-74381190,5109.0,2190.0,true,Out Of Stock,0
632724,Refrigerador Hisense RR63D6WWX Una Puerta 7 Pies Blanco,IN > Electronics > Kitchen Appliances > Refrigerators,hisense,https://www.coppel.com/refrigerador-hisense-rr63d6wwx-una-puerta-7-pies-blanco-pm-6327243,5499.0,2500.0,true,Out Of Stock,0
625711,Refrigerador Hisense Una Puerta RR63D6WBX 7 Pies Negro,IN > Electronics > Kitchen Appliances > Refrigerators,hisense,https://www.coppel.com/refrigerador-hisense-rr63d6wbx-una-puerta-7-pies-negro-pm-6257113,5599.0,3100.0,true,Out Of Stock,0
662933,Refrigerador Aspix Top Mount 7.3 Pies Negro RCD73NA,IN > Electronics > Kitchen Appliances > Refrigerators,aspix,https://www.coppel.com/refrigerador-aspix-top-mount-7-3-pies-negro-rcd73na-pm-6629333,5799.0,2900.0,true,Out Of Stock,0
"",Refrigerador Aspix Una Puerta 7 Pies Plateado RSDS7PA,IN > Electronics > Kitchen Appliances > Refrigerators,aspix,https://www.coppel.com/refrigerador-aspix-7-pies-plateado-rsds7pa-pm-6628013,6999.0,2200.0,false,No Competitor,0
MKP-74381189,Refrigerador Aurus Modelo Aru07ws 7p3 Acero C/despachador,IN > Electronics > Kitchen Appliances > Refrigerators,modelo,https://www.coppel.com/refrigerador-aurus-modelo-aru07ws-7p3-acero-c-despachador-mkp-74381189,7199.0,0.0,true,Out Of Stock,0
"",Refrigerador Aspix Una Puerta 7 Pies Negro RSDN7PA,IN > Electronics > Kitchen Appliances > Refrigerators,aspix,https://www.coppel.com/refrigerador-aspix-7-pies-negro-rsdn7pa-pm-6629513,7199.0,2400.0,false,No Competitor,0
74381201,Refrigerador Hamilton Beach Top Mount 8 Pies Plata HBR80TS1E,IN > Electronics > Kitchen Appliances > Refrigerators,hamilton beach,https://www.coppel.com/refrigerador-hamilton-beach-hbr80ts1e-top-mount-8-pies-plata-mkp-74381201,7299.0,600.0,false,No Competitor,0
"",Refrigerador Aspix Una Puerta RSDS7PA 7 Pies Blanco,IN > Electronics > Kitchen Appliances > Refrigerators,aspix,https://www.coppel.com/pdp/refrigerador-aspix-una-puerta-rsds7pa-7-pies-blanco-pm-6639133,7399.0,2900.0,false,No Competitor,0
74381163,Refrigerador Midea Cool Direct Top Mount Low Frost 8 Pies Gris MDRT210CCNLS,IN > Electronics > Kitchen Appliances > Refrigerators,midea,https://www.coppel.com/refrigerador-midea-cool-direct-top-mount-low-frost-8-pies-cubicos-mkp-74381163,7699.0,1300.0,false,No Competitor,0
MKP-74381181,Refrigerador Prime Rpr90-s 9p C/ Desp Top Mounted Silver,IN > Electronics > Kitchen Appliances > Refrigerators,prime,https://www.coppel.com/refrigerador-prime-rpr90-s-9p-c-desp-top-mounted-silver-mkp-74381181,7899.0,2100.0,true,Out Of Stock,0
"",Refrigerador Midea Una Puerta Top Mount 7 Pies Silver MDRD190CCNDXW,IN > Electronics > Kitchen Appliances > Refrigerators,midea,https://www.coppel.com/refrigerador-midea-top-mount-7-pies-silver-mdrd190ccndxw-pm-6627213,7999.0,2300.0,true,Out Of Stock,0
"",Refrigerador Aspix Top Mount 8 Pies Negro AX24RTM8WNE,IN > Electronics > Kitchen Appliances > Refrigerators,aspix,https://www.coppel.com/pdp/refrigerador-aspix-top-mount-8-pies-negro-ax24rtm8wne-pm-6653983,8299.0,2300.0,false,No Competitor,0
"",Refrigerador Aspix Top Mount 8 Pies Plateado AX24RTM8WNE,IN > Electronics > Kitchen Appliances > Refrigerators,aspix,https://www.coppel.com/pdp/refrigerador-aspix-top-mount-8-pies-plateado-ax24rtm8wne-pm-6653813,8299.0,1300.0,false,No Competitor,0
"",Refrigerador Hisense Una Puerta 7 Pies Gris RR63D6WGX,IN > Electronics > Kitchen Appliances > Refrigerators,hisense,https://www.coppel.com/pdp/refrigerador-hisense-una-puerta-7-pies-gris-rr63d6wgx-pm-6246673,8299.0,3100.0,false,No Competitor,0
"",Refrigerador Aspix Top Mount 7.3 Pies Gris RCD73PA,IN > Electronics > Kitchen Appliances > Refrigerators,aspix,https://www.coppel.com/refrigerador-aspix-top-mount-7-3-pies-gris-rcd73pa-pm-6601753,8499.0,2600.0,true,Out Of Stock,0
74381231,Refrigerador Winia 9 Pies Plata WRT-9000WATG,IN > Electronics > Kitchen Appliances > Refrigerators,winia,https://www.coppel.com/pdp/refrigerador-winia-9-pies-plata-wrt-9000watg-mkp-74381231,8589.0,1190.0,false,No Competitor,0
MKP-74381312,Refrigerador 11 Pies Top Mount Gris Tdd11s Tcl,IN > Electronics > Kitchen Appliances > Refrigerators,tcl,https://www.coppel.com/refrigerador-11-pies-top-mount-gris-tdd11s-tcl-mkp-74381312,8599.0,2400.0,true,Out Of Stock,0
74381253,Refrigerador Mabe Rma210pymrm0 8 Pies Cúbicos Gris,IN > Electronics > Kitchen Appliances > Refrigerators,mabe,https://www.coppel.com/pdp/refrigerador-mabe-rma210pymrm0-8-pies-cubicos-gris-mkp-74381253,8999.0,2940.0,false,No Competitor,0
663654,Refrigerador Mabe Stainless Steel Top Mount 11 Pies Negro RMA300FXMRP0,IN > Electronics > Kitchen Appliances > Refrigerators,mabe,https://www.coppel.com/refrigerador-mabe-stainless-steel-top-mount-11-pies-negro-rma300fxmrp0-pm-6636543,8999.0,4600.0,true,Out Of Stock,0
"",Refrigerador Hisense Top Mount 8 Pies Negro RT80D6WGX,IN > Electronics > Kitchen Appliances > Refrigerators,hisense,https://www.coppel.com/pdp/refrigerador-hisense-top-mount-8-pies-negro-rt80d6wgx-pm-6613093,8999.0,2300.0,false,No Competitor,0
661031,Refrigerador Inverter Whirlpool Top Mount 9 Pies Silver WT32209D,IN > Electronics > Kitchen Appliances > Refrigerators,whirlpool,https://www.coppel.com/refrigerador-inverter-whirlpool-top-mount-9-pies-silver-wt32209d-pm-6610313,9399.0,3600.0,true,Out Of Stock,0
74381056,Refrigerador Midea 10 Pies Gris MDRT280WINDX,IN > Electronics > Kitchen Appliances > Refrigerators,midea,https://www.coppel.com/refrigerador-midea-mdrt280windx-color-gris-10-pies-mkp-74381056,9599.0,1160.0,false,No Competitor,0
MKP-74381162,Refrigerador Whirpool Mod. Wt02209d 9p3 Silver Inverter,IN > Electronics > Kitchen Appliances > Refrigerators,whirlpool,https://www.coppel.com/refrigerador-whirpool-mod-wt02209d-9p3-silver-inverter-mkp-74381162,9709.0,1290.0,true,Out Of Stock,0
MKP-74381175,Refrigerador Prime Top Mounted Silver Rpr13-s 13p,IN > Electronics > Kitchen Appliances > Refrigerators,prime,https://www.coppel.com/refrigerador-prime-con-dispensador-de-agua-mkp-74381175,9799.0,3200.0,true,Out Of Stock,0
658553,Refrigerador LG VT40BP Top Mount 14 Pies Platino,IN > Electronics > Kitchen Appliances > Refrigerators,lg,https://www.coppel.com/refrigerador-lg-vt40bp-top-mount-14-pies-platino-pm-6585533,9999.0,5000.0,true,Out Of Stock,0
MKP-74381295,Refrigerador Whirlpool Bottommount Wb1331d,IN > Electronics > Kitchen Appliances > Refrigerators,whirlpool,https://www.coppel.com/refrigerador-whirlpool-bottommount-wb1331d-mkp-74381295,9999.0,7000.0,true,Out Of Stock,0
74381176,Refrigerador Prime Top Mounted 11p Silver RPR11-S,IN > Electronics > Kitchen Appliances > Refrigerators,prime,https://www.coppel.com/refrigerador-prime-rpr11-s-11p-top-mounted-silver-mkp-74381176,9999.0,1530.0,false,No Competitor,0
663271,Refrigerador Teka Top Mount 14 Pies Acero RTF 34700 SS,IN > Electronics > Kitchen Appliances > Refrigerators,teka,https://www.coppel.com/refrigerador-teka-top-mount-14-pies-acero-rtf-34700-ss-pm-6632713,9999.0,9200.0,true,Out Of Stock,0
632121,Refrigerador LG Top Mount 11 Pies Plateado GT32BDC,IN > Electronics > Kitchen Appliances > Refrigerators,lg,https://www.coppel.com/refrigerador-lg-top-mount-11-pies-plateado-gt32bdc-pm-6321213,9999.0,4300.0,true,Out Of Stock,0
"",Refrigerador TCL Top Mount 11 Pies Gris TDD11S,IN > Electronics > Kitchen Appliances > Refrigerators,tcl,https://www.coppel.com/refrigerador-tcl-top-mount-11-pies-gris-tdd11s-pm-6664323,9999.0,2000.0,false,No Competitor,0
74381204,Refrigerador Daewoo Drt-0910asd Gris Top Mount 9 Pies,IN > Electronics > Kitchen Appliances > Refrigerators,daewoo,https://www.coppel.com/refrigerador-daewoo-drt-0910asd-gris-top-mount-9-pies-mkp-74381204,10349.0,2070.0,true,Out Of Stock,0
652857,Refrigerador Acros Top Mount 11 Pies Plateado AT1130F,IN > Electronics > Kitchen Appliances > Refrigerators,acros,https://www.coppel.com/refrigerador-acros-top-mount-11-pies-plateado-at1130f-pm-6528573,10399.0,1600.0,true,Out Of Stock,0
MKP-74381105,Refrigerador Whirlpool Wt1133m 11 Pies color Plateado,IN > Electronics > Kitchen Appliances > Refrigerators,whirlpool,https://www.coppel.com/refrigerador-whirlpool-wt1133m-11-pies-color-plateado-mkp-74381105,10499.0,3070.0,true,Out Of Stock,0
"",Refrigerador TCL Top Mount 12 Pies Negro TDD12B,IN > Electronics > Kitchen Appliances > Refrigerators,tcl,https://www.coppel.com/pdp/refrigerador-tcl-top-mount-12-pies-negro-tdd12b-pm-6664413,10499.0,1700.0,false,No Competitor,0
MKP-74381096,Refrigerador Top Mount LG Gt32bdc Smart Inverter 11 Pies,IN > Electronics > Kitchen Appliances > Refrigerators,lg,https://www.coppel.com/refrigerador-top-mount-lg-gt32bdc-smart-inverter-11-pies-mkp-74381096,10509.0,2630.0,true,Out Of Stock,0
MKP-74381097,Refrigerador LG Gt32wdc de 11 Pies color Gris,IN > Electronics > Kitchen Appliances > Refrigerators,lg,https://www.coppel.com/refrigerador-lg-gt32wdc-de-11-pies-color-gris-mkp-74381097,10529.0,2640.0,true,Out Of Stock,0
74381309,Refrigerador Inverter Daewoo 9 Pies Cúbicos Top Mount Gris Drt-0920hsbi,IN > Electronics > Kitchen Appliances > Refrigerators,daewoo,https://www.coppel.com/refrigerador-inverter-daewoo-9-pies-cubicos-top-mount-gris-drt-0920hsbi-mkp-74381309,10669.0,2140.0,true,Out Of Stock,0
74381252,Refrigerador Daewoo 9 Pies Cúbicos Top Mount Gris Drt-0910as,IN > Electronics > Kitchen Appliances > Refrigerators,daewoo,https://www.coppel.com/refrigerador-daewoo-9-pies-cubicos-top-mount-gris-drt-0910as-mkp-74381252,10685.0,0.0,false,No Competitor,0
MKP-74381293,Refrigerador Lg 9 Pies Silver,IN > Electronics > Kitchen Appliances > Refrigerators,lg,https://www.coppel.com/refrigerador-lg-9-pies-silver-mkp-74381293,10700.0,0.0,true,Out Of Stock,0
663131,Refrigerador Samsung Top Mount 11 Pies Negro RT31DG5724B1EM,IN > Electronics > Kitchen Appliances > Refrigerators,samsung,https://www.coppel.com/refrigerador-samsung-top-mount-11-pies-negro-rt31dg5724b1em-pm-6631313,10999.0,3700.0,true,Out Of Stock,0
74381257,Refrigerador 9 Pies Cúbicos Hisense Top Mount Gris Rt90n6wkx2,IN > Electronics > Kitchen Appliances > Refrigerators,hisense,https://www.coppel.com/pdp/refrigerador-9-pies-cubicos-hisense-top-mount-gris-rt90n6wkx2-mkp-74381257,11069.0,2220.0,false,No Competitor,0
74381316,Refrigerador 12 Pies Top Mount Gris Tdd12b Tcl,IN > Electronics > Kitchen Appliances > Refrigerators,tcl,https://www.coppel.com/refrigerador-12-pies-top-mount-gris-tdd12b-tcl-mkp-74381316,11079.0,2220.0,false,No Competitor,0
666521,Refrigerador Midea Top Mount 15 Pies Plateado MDRT580MTM46W,IN > Electronics > Kitchen Appliances > Refrigerators,midea,https://www.coppel.com/refrigerador-midea-top-mount-15-pies-plateado-mdrt580mtm46w-pm-6665213,11199.0,4800.0,true,Out Of Stock,0
619981,Refrigerador IO Mabe Top Mount 15 Pies Gris O1540YMXN3,IN > Electronics > Kitchen Appliances > Refrigerators,io mabe,https://www.coppel.com/refrigerador-io-mabe-top-mount-15-pies-gris-o1540ymxn3-pm-6199813,11299.0,8900.0,true,Out Of Stock,0
74381069,Refrigerador Acros 11 Pies Silver At1130m,IN > Electronics > Kitchen Appliances > Refrigerators,acros,https://www.coppel.com/pdp/refrigerador-acros-11-pies-silver-at1130m--mkp-74381069,11499.0,1500.0,false,No Competitor,0
74381210,Refrigerador Daewoo Drt-1210msd Gris Top Mount de 12 Pies,IN > Electronics > Kitchen Appliances > Refrigerators,daewoo,https://www.coppel.com/pdp/refrigerador-daewoo-drt-1210msd-gris-top-mount-de-12-pies-mkp-74381210,11729.0,1620.0,false,No Competitor,0
74381194,Refrigerador Midea Automático Top Mount Smart Sensor Lake Silver 10 Pies Cúbicos con Dispensador de Agua,IN > Electronics > Kitchen Appliances > Refrigerators,midea,https://www.coppel.com/pdp/refrigerador-midea-automatico-top-mount-smart-sensor-lake-silver-10-pies-cubicos-con-dispensador-de-agua-mkp-74381194,11799.0,4000.0,false,No Competitor,0
MKP-74381225,Refrigerador Samsung Top Mount 11 Pies Gris RT31DG5724S9EM,IN > Electronics > Kitchen Appliances > Refrigerators,samsung,https://www.coppel.com/refrigerador-samsung-top-mount-11-pies-gris-rt31dg5724s9em-mkp-74381225,11999.0,3300.0,true,Out Of Stock,0
656712,Refrigerador Mabe Top Mount 14 Pies Gris RME360FDMRE0,IN > Electronics > Kitchen Appliances > Refrigerators,mabe,https://www.coppel.com/refrigerador-mabe-top-mount-14-pies-gris-rme360fdmre0-pm-6567123,11999.0,3000.0,true,Out Of Stock,0
646229,Refrigerador Mabe Top Mount 14 Pies Grafito RME360FGMRE0,IN > Electronics > Kitchen Appliances > Refrigerators,mabe,https://www.coppel.com/refrigerador-mabe-top-mount-14-pies-grafito-rme360fgmre0-pm-6462293,11999.0,5500.0,true,Out Of Stock,0
"",Refrigerador Midea Top Mount 10 Pies Gris MDRT280WINDXW,IN > Electronics > Kitchen Appliances > Refrigerators,midea,https://www.coppel.com/refrigerador-midea-top-mount-10-pies-gris-mdrt280windxw-pm-6627123,11999.0,4500.0,true,Out Of Stock,0
74381214,Refrigerador Whirlpool 12 Pies Cúbicos Gris Wt-1231d,IN > Electronics > Kitchen Appliances > Refrigerators,whirlpool,https://www.coppel.com/refrigerador-12-pies-cubicos-con-2-puertas-wt-1231d-whirlpool-mkp-74381214,12099.0,1800.0,false,No Competitor,0
74371253,Refrigerador para Medicamentos Imbera Home,IN > Electronics > Kitchen Appliances > Refrigerators,imbera home,https://www.coppel.com/refrigerador-para-medicamentos-imbera-home-mkp-74371253,12184.0,0.0,false,No Competitor,0
650358,Refrigerador Mabe Top Mount 19 Pies Gris RMS510IBMRX0,IN > Electronics > Kitchen Appliances > Refrigerators,mabe,https://www.coppel.com/refrigerador-mabe-top-mount-19-pies-gris-rms510ibmrx0-pm-6503583,12299.0,13800.0,true,Out Of Stock,0
650404,Refrigerador IO Mabe Top Mount 19 Pies Plateado ROS510IIMRX0,IN > Electronics > Kitchen Appliances > Refrigerators,io mabe,https://www.coppel.com/refrigerador-io-mabe-top-mount-19-pies-plateado-ros510iimrx0-pm-6504043,12299.0,18900.0,true,Out Of Stock,0
74381152,Refrigerador Top Mount Midea Mdrt489mtm46w 13 Pies color Gris,IN > Electronics > Kitchen Appliances > Refrigerators,midea,https://www.coppel.com/refrigerador-top-mount-midea-mdrt489mtm46w-13-pies-color-gris-mkp-74381152,12329.0,2390.0,false,No Competitor,0
74381262,Refrigerador Mirage 12 Pies Cúbicos Top Mount Gris Mrx12fs,IN > Electronics > Kitchen Appliances > Refrigerators,mirage,https://www.coppel.com/refrigerador-mirage-12-pies-cubicos-top-mount-gris-mrx12fs-mkp-74381262,12489.0,2500.0,false,No Competitor,0
"",Refrigerador Midea Top Mount 10 Pies Negro MDRT385MTM28WD,IN > Electronics > Kitchen Appliances > Refrigerators,midea,https://www.coppel.com/pdp/refrigerador-midea-top-mount-10-pies-negro-mdrt385mtm28wd-pm-6664833,12499.0,3500.0,false,No Competitor,0
"",Refrigerador Mabe Top Mount 10 Pies Negro RMA250PVMRP0,IN > Electronics > Kitchen Appliances > Refrigerators,mabe,https://www.coppel.com/refrigerador-mabe-top-mount-10-pies-negro-rma250pvmrp0-pm-6605823,12499.0,3700.0,false,No Competitor,0
74381207,Refrigerador Samsung 11 Pies Cúbicos Top Mount Gris Rt31dg5224s9,IN > Electronics > Kitchen Appliances > Refrigerators,samsung,https://www.coppel.com/refrigerador-samsung-11-pies-cubicos-top-mount-gris-rt31dg5224s9-mkp-74381207,12599.0,1100.0,false,No Competitor,0
"",Refrigerador Samsung Top Mount 11 Pies Gris RT31DG5124S9EM,IN > Electronics > Kitchen Appliances > Refrigerators,samsung,https://www.coppel.com/pdp/refrigerador-samsung-top-mount-11-pies-gris-rt31dg5124s9em-pm-6631233,12599.0,2200.0,false,No Competitor,0
"",Refrigerador Mabe Top Mount 10 Pies Plateado RMA1025YMXE,IN > Electronics > Kitchen Appliances > Refrigerators,mabe,https://www.coppel.com/refrigerador-mabe-top-mount-10-pies-plata-rma1025ymxe-pm-6166133,12599.0,3600.0,false,No Competitor,0
631027,Refrigerador LG Top Mount 15 Pies Negro LT44AGD,IN > Electronics > Kitchen Appliances > Refrigerators,lg,https://www.coppel.com/refrigerador-lg-top-mount-15-pies-negro-lt44agd-pm-6310273,12999.0,12800.0,true,Out Of Stock,0
667171,Refrigerador Midea Bottom Mount 11 Pies Plateado MDRB424FGM46W,IN > Electronics > Kitchen Appliances > Refrigerators,midea,https://www.coppel.com/refrigerador-midea-bottom-mount-11-pies-plateado-mdrb424fgm46w-pm-6671713,12999.0,4500.0,true,Out Of Stock,0
"",Refrigerador Whirlpool Top Mount 9 Pies Silver WT32409D 9P,IN > Electronics > Kitchen Appliances > Refrigerators,whirlpool,https://www.coppel.com/refrigerador-whirlpool-top-mount-9-pies-silver-wt32409d-9p-pm-6667513,12999.0,3500.0,false,No Competitor,0
"",Refrigerador TCL Top Mount 15 Pies Gris TDD15BW,IN > Electronics > Kitchen Appliances > Refrigerators,tcl,https://www.coppel.com/pdp/refrigerador-tcl-top-mount-15-pies-gris-tdd15bw-pm-6664593,12999.0,2800.0,false,No Competitor,0
74381174,Refrigerador Prime RPR15-S 15P Top Mounted Silver,IN > Electronics > Kitchen Appliances > Refrigerators,prime,https://www.coppel.com/pdp/refrigerador-prime-rpr15-s-15p-top-mounted-silver-mkp-74381174,12999.0,1920.0,false,No Competitor,0
74381059,Refrigerador Whirlpool WT1331D Top Mount 13p Xpert Energy Saver,IN > Electronics > Kitchen Appliances > Refrigerators,whirlpool,https://www.coppel.com/refrigerador-whirlpool-wt1331d-top-mount-13p-xpert-energy-saver-mkp-74381059,13099.0,2800.0,false,No Competitor,0
74381085,Refrigerador Whirlpool 12p3 Silver Wt-1231d/1230k,IN > Electronics > Kitchen Appliances > Refrigerators,whirlpool,https://www.coppel.com/pdp/refrigerador-whirlpool-12p3-silver-wt-1231d/1230k-mkp-74381085,13199.0,1260.0,false,No Competitor,0
74381150,Refrigerador Midea Top Mount 15 Pies Cúbicos Gris MDRT580MTM46W,IN > Electronics > Kitchen Appliances > Refrigerators,midea,https://www.coppel.com/refrigerador-top-mount-midea-smart-sensor-bru-steel-15-pies-cubicos-mkp-74381150,13299.0,2550.0,false,No Competitor,0
74381315,Refrigerador 12 Pies Gris Ai Top Mount Rt35dg5224s9 Samsung,IN > Electronics > Kitchen Appliances > Refrigerators,samsung,https://www.coppel.com/refrigerador-12-pies-gris-ai-top-mount-rt35dg5224s9-samsung-mkp-74381315,13499.0,0.0,false,No Competitor,0
74381066,Refrigerador LG 2 Puertas con Despachador 11 Pies Gt32wpk,IN > Electronics > Kitchen Appliances > Refrigerators,lg,https://www.coppel.com/pdp/refrigerador-lg-2-puertas-con-despachador-11-pies-gt32wpk-mkp-74381066,13549.0,2710.0,false,No Competitor,0
"",Refrigerador Mabe Top Mount 11 Pies Grafito,IN > Electronics > Kitchen Appliances > Refrigerators,mabe,https://www.coppel.com/pdp/refrigerador-mabe-top-mount-11-pies-grafito-pm-6267323,13799.0,3600.0,false,No Competitor,0
"",Refrigerador Whirpool Top Mount 11 Pies Plateado WT1133M 11P,IN > Electronics > Kitchen Appliances > Refrigerators,whirlpool,https://www.coppel.com/refrigerador-whirpool-top-mount-11-pies-plateado-wt1133m-11p-pm-6529033,13899.0,2600.0,false,No Competitor,0
624136,Refrigerador Whirlpool Top Mount 18 Pies Gris WT1818A,IN > Electronics > Kitchen Appliances > Refrigerators,whirlpool,https://www.coppel.com/refrigerador-whirlpool-top-mount-18-pies-gris-wt1818a-pm-6241363,13999.0,4000.0,true,Out Of Stock,0
74381192,Refrigerador Midea Bottom Mount 11 Pies Gris MDRB424FGM46W,IN > Electronics > Kitchen Appliances > Refrigerators,midea,https://www.coppel.com/refrigerador-midea-bottom-mount-gris-de-11-pies-mkp-74381192,13999.0,1870.0,true,Out Of Stock,0
"",Refrigerador Samsung Top Mount 12 Pies Gris RT35DG5224S9EM,IN > Electronics > Kitchen Appliances > Refrigerators,samsung,https://www.coppel.com/refrigerador-samsung-top-mount-12-pies-gris-rt35dg5224s9em-pm-6631153,13999.0,2600.0,false,No Competitor,0
74381216,Refrigerador Acros 13 Pies Cubicos Blanco At-1330w,IN > Electronics > Kitchen Appliances > Refrigerators,acros,https://www.coppel.com/pdp/refrigerador-acros-13-pies-cubicos-blanco-at-1330w-mkp-74381216,14009.0,0.0,false,No Competitor,0
MKP-74381195,Refrigerador Mabe Rma300fjmrm0 11p Desp Inox Mate,IN > Electronics > Kitchen Appliances > Refrigerators,mabe,https://www.coppel.com/refrigerador-mabe-rma300fjmrm0-11p-desp-inox-mate-mkp-74381195,14269.0,0.0,true,Out Of Stock,0
"",Refrigerador Hisense Top Mount 14 Pies Negro RT14N6BDX,IN > Electronics > Kitchen Appliances > Refrigerators,hisense,https://www.coppel.com/refrigerador-hisense-top-mount-14-pies-negro-rt14n6bdx-pm-6666613,14499.0,3300.0,false,No Competitor,0
MKP-74381060,Refrigerador Whirlpool Wt1865a Top Mount 18 Pies,IN > Electronics > Kitchen Appliances > Refrigerators,whirlpool,https://www.coppel.com/refrigerador-whirlpool-wt1865a-top-mount-18-pies-mkp-74381060,14599.0,7600.0,true,Out Of Stock,0
"",Refrigerador Whirlpool Top Mount 14 Pies Gris,IN > Electronics > Kitchen Appliances > Refrigerators,whirlpool,https://www.coppel.com/refrigerador-whirlpool-top-mount-14-pies-gris-pm-6426913,14799.0,2800.0,false,No Competitor,0
"",Refrigerador Samsung Top Mount 14 Pies Plateado RT38DG6224S9EM,IN > Electronics > Kitchen Appliances > Refrigerators,samsung,https://www.coppel.com/pdp/refrigerador-samsung-top-mount-14-pies-plateado-rt38dg6224s9em-pm-6631073,14999.0,3000.0,false,No Competitor,0
MKP-74381071,Refrigerador Whirlpool Mod. Wt-1333dk,IN > Electronics > Kitchen Appliances > Refrigerators,whirlpool,https://www.coppel.com/refrigerador-whirlpool-mod-wt-1333dk-mkp-74381071,15199.0,0.0,true,Out Of Stock,0
"",Refrigerador LG Top Freezer 16 Pies Platino VT45BP.APYFMXM,IN > Electronics > Kitchen Appliances > Refrigerators,lg,https://www.coppel.com/pdp/refrigerador-lg-top-freezer-16-pies-platino-vt45bpapyfmxm-pm-6645713,15499.0,3500.0,false,No Competitor,0
659258,Refrigerador Hisense Side by Side 18 Pies Plateado RS19N6WCX,IN > Electronics > Kitchen Appliances > Refrigerators,hisense,https://www.coppel.com/refrigerador-hisense-side-by-side-18-pies-plata-rs19n6wcx-pm-6592583,15499.0,10300.0,true,Out Of Stock,0
74381008,Refrigerador Whirlpool color Gris Top Mount 17p³,IN > Electronics > Kitchen Appliances > Refrigerators,whirlpool,https://www.coppel.com/refrigerador-whirlpool-color-gris-top-mount-17p%C2%B3-mkp-74381008,15799.0,2800.0,false,No Competitor,0
650978,Refrigerador Samsung Top Mount 14 Pies Acero Inoxidable RT38A5930BS/EM,IN > Electronics > Kitchen Appliances > Refrigerators,samsung,https://www.coppel.com/refrigerador-samsung-top-mount-14-pies-acero-inoxidable-rt38a5930bs-em-pm-6509783,15899.0,0.0,true,Out Of Stock,0
74381197,Refrigerador Mabe Home Energy Saver 360 Lts Grafito RME360PVMRM0,IN > Electronics > Kitchen Appliances > Refrigerators,mabe,https://www.coppel.com/refrigerador-mabe-home-energy-saver-360-lts-grafito-rme360pvmrm0-mkp-74381197,15990.0,3531.0,false,No Competitor,0
74381248,Refrigerador Mabe Rma300fxmrm0 11'' 300 L Inox Mate Full Grip Home Energy Saver,IN > Electronics > Kitchen Appliances > Refrigerators,mabe,https://www.coppel.com/refrigerador-mabe-rma300fxmrm0-11-300-l-inox-mate-full-grip-home-energy-saver-mkp-74381248,15999.0,1009.0,false,No Competitor,0
74381193,Refrigerador Mabe Ome Energy Saver 10 Pies Grafito,IN > Electronics > Kitchen Appliances > Refrigerators,mabe,https://www.coppel.com/refrigerador-mabe-10-250-l-grafito-mkp-74381193,16129.0,4839.0,false,No Competitor,0
MKP-74381263,Refrigerador Tcl 18 Pies Cúbicos French Door Gris Tfr18si,IN > Electronics > Kitchen Appliances > Refrigerators,tcl,https://www.coppel.com/refrigerador-tcl-18-pies-cubicos-french-door-gris-tfr18si-mkp-74381263,16319.0,1680.0,true,Out Of Stock,0
"",Refrigerador Mabe RME1436XMXE Top Mount 14 Pies Grafito,IN > Electronics > Kitchen Appliances > Refrigerators,mabe,https://www.coppel.com/pdp/refrigerador-mabe-rme1436xmxe-top-mount-14-pies-grafito-pm-6168343,16399.0,4800.0,false,No Competitor,0
74381161,Refrigerador Midea French Door Plus Inverter Bru Steel 19 Pies Cúbicos,IN > Electronics > Kitchen Appliances > Refrigerators,midea,https://www.coppel.com/refrigerador-midea-french-door-plus-inverter-bru-steel-19-pies-cubicos-mkp-74381161,16499.0,0.0,false,No Competitor,0
"",Refrigerador Midea Top Mount 15 Pies Negro MDRT580MTM28WD,IN > Electronics > Kitchen Appliances > Refrigerators,midea,https://www.coppel.com/refrigerador-midea-top-mount-15-pies-negro-mdrt580mtm28wd-pm-6665133,16499.0,4500.0,false,No Competitor,0
74381259,Refrigerador Top Mount Inverter Quattro Lake Silver 12 Pies Cúbicos,IN > Electronics > Kitchen Appliances > Refrigerators,midea,https://www.coppel.com/pdp/refrigerador-top-mount-inverter-quattro-lake-silver-12-pies-cubicos-mkp-74381259,16499.0,0.0,false,No Competitor,0
MKP-74381250,Refrigerador Daewoo 19 Pies Cúbicos Top Mount Gris Drt-1920hsbti,IN > Electronics > Kitchen Appliances > Refrigerators,daewoo,https://www.coppel.com/refrigerador-daewoo-19-pies-cubicos-top-mount-gris-drt-1920hsbti-mkp-74381250,16569.0,0.0,true,Out Of Stock,0
"",Refrigerador Samsung Top Mount 15 Pies Plateado RT42DG6224S9EM,IN > Electronics > Kitchen Appliances > Refrigerators,samsung,https://www.coppel.com/refrigerador-samsung-top-mount-15-pies-plata-rt42dg6224s9em-pm-6630933,16799.0,4200.0,false,No Competitor,0
74371119,Refrigerador Top Mount Lg 15 Pies color Acero Inoxidable,IN > Electronics > Kitchen Appliances > Refrigerators,lg,https://www.coppel.com/refrigerador-top-mount-lg-15-pies-color-acero-inoxidable-mkp-74371119,16886.0,3897.0,false,No Competitor,0
MKP-74381151,Refrigerador Lg Vt40wp 14 Pies Top Mount Con Despachador De Agua,IN > Electronics > Kitchen Appliances > Refrigerators,lg,https://www.coppel.com/refrigerador-lg-vt40wp-14-pies-top-mount-con-despachador-de-agua-mkp-74381151,16899.0,1250.0,true,Out Of Stock,0
74381229,Refrigerador Samsung Top Mount Cúbicos 12 Pies Color Acero RT35DG5724S9EM,IN > Electronics > Kitchen Appliances > Refrigerators,samsung,https://www.coppel.com/refrigerador-samsung-rt35dg5724s9em-gris-top-mount-12-pies-mkp-74381229,16999.0,4900.0,false,No Competitor,0
"",Refrigerador LG Top Mount 14 Pies Plateado VT40WP,IN > Electronics > Kitchen Appliances > Refrigerators,lg,https://www.coppel.com/refrigerador-lg-top-mount-14-pies-plata-vt40wp-pm-6508463,16999.0,0.0,false,No Competitor,0
652431,Refrigerador LG Botton Mount 17 Pies Gris GB45SPP,IN > Electronics > Kitchen Appliances > Refrigerators,lg,https://www.coppel.com/refrigerador-lg-botton-mount-17-pies-gris-gb45spp-pm-6524313,16999.0,9800.0,true,Out Of Stock,0
646938,Refrigerador Whirlpool Bottom Mount 13 Pies Negro WB1332V,IN > Electronics > Kitchen Appliances > Refrigerators,whirlpool,https://www.coppel.com/refrigerador-whirlpool-bottom-mount-13-pies-negro-wb1332v-pm-6469383,16999.0,4000.0,true,Out Of Stock,0
74381212,Refrigerador Automático Midea Side By Side Inverter Quattro Bru Steel 17P Gris MDRS619FGM46,IN > Electronics > Kitchen Appliances > Refrigerators,midea,https://www.coppel.com/pdp/refrigerador-automatico-midea-side-by-side-inverter-quattro-bru-steel-17p-gris-mdrs619fgm46-mkp-74381212,16999.0,2780.0,false,No Competitor,0
74381191,Refrigerador New Wave Fc2-37 11 Pies Top Moumt,IN > Electronics > Kitchen Appliances > Refrigerators,"",https://www.coppel.com/pdp/refrigerador-new-wave-fc2-37-11-pies-top-moumt-mkp-74381191,17000.0,0.0,false,No Competitor,0
"",Refrigerador Mabe Top Mount 14 Pies Negro RME360FDMRP0,IN > Electronics > Kitchen Appliances > Refrigerators,mabe,https://www.coppel.com/pdp/refrigerador-mabe-top-mount-14-pies-negro-rme360fdmrp0-pm-6462373,17199.0,5200.0,false,No Competitor,0
MKP-74381219,Refrigerador Samsung Top Mount 19ft Fábrica Hielos Negro,IN > Electronics > Kitchen Appliances > Refrigerators,samsung,https://www.coppel.com/refrigerador-samsung-top-mount-19ft-fabrica-hielos-negro-mkp-74381219,17299.0,8700.0,true,Out Of Stock,0
"",Refrigerador Midea Top Mount 17 Pies Plateado MDRT480WENDXW,IN > Electronics > Kitchen Appliances > Refrigerators,midea,https://www.coppel.com/refrigerador-midea-top-mount-17-pies-plateado-mdrt480wendxw-pm-6664913,17499.0,4100.0,false,No Competitor,0
659711,Refrigerador GE Profile French Door 25 Pies Plateado PNF25FYRCFS,IN > Electronics > Kitchen Appliances > Refrigerators,ge profile,https://www.coppel.com/refrigerador-ge-profile-french-door-25-pies-plateado-pnf25fyrcfs-pm-6597113,17499.0,13500.0,true,Out Of Stock,0
646563,Refrigerador Whirlpool Top Mount 22 Pies Acero Inoxidable MT2170S,IN > Electronics > Kitchen Appliances > Refrigerators,maytag,https://www.coppel.com/refrigerador-whirlpool-top-mount-22-pies-acero-inoxidable-mt2170s-pm-6465633,17799.0,12200.0,true,Out Of Stock,0
74381319,Refrigerador Samsung Top Mount 19 Pies Gris RT53DG6128S9,IN > Electronics > Kitchen Appliances > Refrigerators,samsung,https://www.coppel.com/refrigerador-samsung-top-mount-19-pies-gris-rt53dg6128s9-mkp-74381319,17859.0,0.0,false,No Competitor,0
649597,Refrigerador LG Bottom Mount 17 Pies Negro GB45SPT,IN > Electronics > Kitchen Appliances > Refrigerators,lg,https://www.coppel.com/refrigerador-lg-bottom-mount-17-pies-negro-gb45spt-pm-6495973,17999.0,9800.0,true,Out Of Stock,0
74381230,Refrigerador Samsung RT38DG6734S9EM Gris Top Mount 14 Pies,IN > Electronics > Kitchen Appliances > Refrigerators,samsung,https://www.coppel.com/refrigerador-samsung-rt38dg6734s9em-gris-top-mount-14-pies-mkp-74381230,17999.0,4400.0,false,No Competitor,0
"",Refrigerador Hisense Top Mount 16 Pies Gris RT16N6DDX,IN > Electronics > Kitchen Appliances > Refrigerators,hisense,https://www.coppel.com/pdp/refrigerador-hisense-top-mount-16-pies-gris-rt16n6ddx-pm-6624293,17999.0,7000.0,false,No Competitor,0
"",Refrigerador Hisense Top Mount 16 Pies Negro RT16N6BDX,IN > Electronics > Kitchen Appliances > Refrigerators,hisense,https://www.coppel.com/pdp/refrigerador-hisense-top-mount-16-pies-negro-rt16n6bdx-pm-6688513,18199.0,7700.0,false,No Competitor,0
"",Refrigerador Samsung Top Mount 15 Pies Negro RT42DG6734B1EM,IN > Electronics > Kitchen Appliances > Refrigerators,samsung,https://www.coppel.com/pdp/refrigerador-samsung-top-mount-15-pies-negro-rt42dg6734b1em-pm-6635733,18199.0,5200.0,false,No Competitor,0
74381137,Refrigerador LG Inverter 9 Pies Gris GT29WDC,IN > Electronics > Kitchen Appliances > Refrigerators,lg,https://www.coppel.com/refrigerador-lg-inverter-9-pies-con-dispensador-de-agua-mkp-74381137,18430.0,5531.0,false,No Competitor,0
650889,Refrigerador Samsung Top Mount 16 Pies Negro RT44A6344B1,IN > Electronics > Kitchen Appliances > Refrigerators,samsung,https://www.coppel.com/refrigerador-samsung-top-mount-16-pies-negro-rt44a6344b1-pm-6508893,18499.0,0.0,true,Out Of Stock,0
630993,Refrigerador Inverter LG Bottom Mount 22 Pies Plateado GB22BGS,IN > Electronics > Kitchen Appliances > Refrigerators,lg,https://www.coppel.com/refrigerador-inverter-lg-bottom-mount-22-pies-plata-gb22bgs-pm-6309933,18499.0,11400.0,true,Out Of Stock,0
"",Refrigerador Mabe Bottom Mount 11 Pies Negro RMB300IZMRP0,IN > Electronics > Kitchen Appliances > Refrigerators,mabe,https://www.coppel.com/refrigerador-mabe-bottom-mount-11-pies-negro-rmb300izmrp0-pm-6567213,18699.0,6700.0,true,Out Of Stock,0
"",Refrigerador Mabe Top Mount 15 Pies Plateado RMS400IAMRX0,IN > Electronics > Kitchen Appliances > Refrigerators,mabe,https://www.coppel.com/pdp/refrigerador-mabe-top-mount-15-pies-plateado-rms400iamrx0-pm-6324223,18899.0,5900.0,false,No Competitor,0
666671,Refrigerador Hisense Bottom Mount 17 Pies Plateado RB18N6CDX1,IN > Electronics > Kitchen Appliances > Refrigerators,hisense,https://www.coppel.com/refrigerador-hisense-bottom-mount-17-pies-plateado-rb18n6cdx1-pm-6666713,18999.0,6000.0,true,Out Of Stock,0
74381205,Refrigerador Hisense Top Mount 19 Pies Gris Rt19n6acx,IN > Electronics > Kitchen Appliances > Refrigerators,hisense,https://www.coppel.com/pdp/refrigerador-hisense-top-mount-19-pies-gris-rt19n6acx-mkp-74381205,19119.0,3830.0,false,No Competitor,0
MKP-74381149,Refrigerador LG Lt57bpsx 20 Ft. Top Mount Smart Inverter,IN > Electronics > Kitchen Appliances > Refrigerators,lg,https://www.coppel.com/refrigerador-lg-lt57bpsx-20-ft-top-mount-smart-inverter-mkp-74381149,19190.0,2800.0,true,Out Of Stock,0
637009,Refrigerador Inverter LG LM65BGS French Door 25 Pies Plateado,IN > Electronics > Kitchen Appliances > Refrigerators,lg,https://www.coppel.com/refrigerador-inverter-lg-lm65bgs-french-door-25-pies-plateado-pm-6370093,19499.0,8500.0,true,Out Of Stock,0
659495,Refrigerador Samsung Side by Side 28 Pies Plateado RS28CB70NAQLEM,IN > Electronics > Kitchen Appliances > Refrigerators,samsung,https://www.coppel.com/refrigerador-samsung-side-by-side-28-pies-plateado-rs28cb70naqlem-pm-6594953,19499.0,18500.0,true,Out Of Stock,0
"",Refrigerador Samsung Top Mount 19 Pies Gris RT53DG6128S9EM,IN > Electronics > Kitchen Appliances > Refrigerators,samsung,https://www.coppel.com/pdp/refrigerador-samsung-top-mount-19-pies-gris-rt53dg6128s9em-pm-6630853,19499.0,7300.0,false,No Competitor,0
MKP-74381292,Refrigerador 24 Pies Top Mount Smart Inverter Color Silver Lg,IN > Electronics > Kitchen Appliances > Refrigerators,lg,https://www.coppel.com/refrigerador-24-pies-top-mount-smart-inverter-color-silver-lg-mkp-74381292,19730.0,0.0,true,Out Of Stock,0
MKP-74381283,Refrigerador Samsung Bespoke Bottom 12ft Personalizable,IN > Electronics > Kitchen Appliances > Refrigerators,samsung,https://www.coppel.com/refrigerador-samsung-bespoke-bottom-12ft-personalizable-mkp-74381283,19799.0,19200.0,true,Out Of Stock,0
"",Refrigerador LG Top Mount 20 Pies Plateado LT57BPSX,IN > Electronics > Kitchen Appliances > Refrigerators,lg,https://www.coppel.com/refrigerador-lg-top-mount-20-pies-plata-lt57bpsx-pm-6495713,19799.0,4900.0,false,No Competitor,0
"",Refrigerador TCL French Door 18 Pies Silver TFR18SI,IN > Electronics > Kitchen Appliances > Refrigerators,tcl,https://www.coppel.com/refrigerador-tcl-french-door-18-pies-silver-tfr18si-pm-6664673,19999.0,5500.0,false,No Competitor,0
74381247,Refrigerador Midea Duplex Wifi 20 Pies Silver MDRS710FGM46,IN > Electronics > Kitchen Appliances > Refrigerators,midea,https://www.coppel.com/refrigerador-midea-mdrs710fgm46-20p-duplex-wifi-silver-mkp-74381247,19999.0,3290.0,true,Out Of Stock,0
630985,Refrigerador Inverter LG French Door 22 Pies Acero GF22WGS,IN > Electronics > Kitchen Appliances > Refrigerators,lg,https://www.coppel.com/refrigerador-inverter-lg-french-door-22-pies-acero-gf22wgs-pm-6309853,19999.0,13000.0,true,Out Of Stock,0
74381222,Refrigerador Samsung Top Mount Ai Fábrica Hielo Giratorio Gris RT42DG6774S9EM,IN > Electronics > Kitchen Appliances > Refrigerators,samsung,https://www.coppel.com/refrigerador-samsung-top-mount-ai-fabrica-hielo-giratorio-gris-rt42dg6774s9em-mkp-74381222,20499.0,5800.0,false,No Competitor,0
"",Refrigerador LG Top Mount 20 Pies Negro LT57BT,IN > Electronics > Kitchen Appliances > Refrigerators,lg,https://www.coppel.com/pdp/refrigerador-lg-top-mount-20-pies-negro-lt57bt-pm-6667013,20799.0,7300.0,true,Out Of Stock,0
"",Refrigerador Mabe Top Mount 19 Pies Inox Mate RMS510IVMRM0,IN > Electronics > Kitchen Appliances > Refrigerators,mabe,https://www.coppel.com/refrigerador-mabe-top-mount-19-pies-inox-mate-rms510ivmrm0-pm-6610663,20899.0,9100.0,false,No Competitor,0
"",Refrigerador Hisense Bottom Mount 15 Pies Negro RB15N6FBX1,IN > Electronics > Kitchen Appliances > Refrigerators,hisense,https://www.coppel.com/refrigerador-hisense-bottom-mount-15-pies-negro-rb15n6fbx1-pm-6592743,20999.0,6500.0,false,No Competitor,0
MKP-74381290,Refrigerador Mabe Bottom Freezer Gris RMB400IAMRM0,IN > Electronics > Kitchen Appliances > Refrigerators,mabe,https://www.coppel.com/refrigerador-mabe-bottom-freezer-gris-rmb400iamrm0-mkp-74381290,21079.0,2911.0,true,Out Of Stock,0
663042,Refrigerador Samsung Bottom Mount 12 Pies Azul Bespoke F-RB33A23DUDB,IN > Electronics > Kitchen Appliances > Refrigerators,samsung,https://www.coppel.com/refrigerador-samsung-bottom-mount-12-pies-azul-bespoke-f-rb33a23dudb-pm-6630423,21399.0,13600.0,true,Out Of Stock,0
655007,Refrigerador LG French Door 29 Pies Plateado GM29BP,IN > Electronics > Kitchen Appliances > Refrigerators,lg,https://www.coppel.com/refrigerador-lg-french-door-29-pies-plata-gm29bp-pm-6550073,21499.0,10500.0,true,Out Of Stock,0
"",Refrigerador Mabe Top Mount 19 Pies Plateado Mate RMS510IAMRM0,IN > Electronics > Kitchen Appliances > Refrigerators,mabe,https://www.coppel.com/pdp/refrigerador-mabe-top-mount-19-pies-plateado-mate-rms510iamrm0-pm-6610583,21599.0,5600.0,false,No Competitor,0
650331,Refrigerador Mabe Bottom Mount 19 Pies Negro RMB520IWMRP0,IN > Electronics > Kitchen Appliances > Refrigerators,mabe,https://www.coppel.com/refrigerador-mabe-bottom-mount-19-pies-negro-rmb520iwmrp0-pm-6503313,21799.0,9200.0,true,Out Of Stock,0
"",Refrigerador Hisense Una Puerta 9 Pies Azul CVC494N3AWX,IN > Electronics > Kitchen Appliances > Refrigerators,hisense,https://www.coppel.com/refrigerador-hisense-one-door-9-pies-azul-cvc494n3awx-pm-6452063,21999.0,3000.0,false,No Competitor,0
"",Refrigerador Mabe Bottom Mount 15 Pies Grafito RMB400IAMRE0,IN > Electronics > Kitchen Appliances > Refrigerators,mabe,https://www.coppel.com/refrigerador-mabe-bottom-mount-15-pies-grafito-rmb400iamre0-pm-6451333,21999.0,5400.0,false,No Competitor,0
74381289,Refrigerador Mabe 15 Pies 400 L Acero Inoxidable,IN > Electronics > Kitchen Appliances > Refrigerators,mabe,https://www.coppel.com/refrigerador-mabe-15-pies-400-l-acero-inoxidable-mkp-74381289,22430.0,6731.0,false,No Competitor,0
"",Refrigerador Midea MDRF700FGM46 French Door 19 Pies Plateado,IN > Electronics > Kitchen Appliances > Refrigerators,midea,https://www.coppel.com/refrigerador-midea-mdrf700fgm46-french-door-19-pies-plateado-pm-6646933,22499.0,6300.0,true,Out Of Stock,0
"",Refrigerador Whirlpool Side by Side Xpert 18 Pies Gris WD1600S,IN > Electronics > Kitchen Appliances > Refrigerators,whirlpool,https://www.coppel.com/pdp/refrigerador-whirlpool-side-by-side-xpert-18-pies-gris-wd1600s-pm-6629923,22499.0,4900.0,false,No Competitor,0
635324,Refrigerador Whirlpool Side by Side 21 Pies Plateado WRQ551SNJZ,IN > Electronics > Kitchen Appliances > Refrigerators,whirlpool,https://www.coppel.com/refrigerador-whirlpool-side-by-side-21-pies-plateado-wrq551snjz-pm-6353243,22599.0,22400.0,true,Out Of Stock,0
MKP-74381007,Refrigerador Whirlpool French Door 19.56 P³,IN > Electronics > Kitchen Appliances > Refrigerators,whirlpool,https://www.coppel.com/refrigerador-whirlpool-french-door-19-56-p%C2%B3-mkp-74381007,22999.0,8300.0,true,Out Of Stock,0
663816,Refrigerador Samsung Family Hub French Door 31 Pies Negro RF32CG5911B1EM,IN > Electronics > Kitchen Appliances > Refrigerators,samsung,https://www.coppel.com/refrigerador-samsung-family-hub-french-door-31-pies-negro-rf32cg5911b1em-pm-6638163,22999.0,69800.0,true,Out Of Stock,0
74381199,Refrigerador Automático Mabe 19 Pies 510 L Inoxidable,IN > Electronics > Kitchen Appliances > Refrigerators,mabe,https://www.coppel.com/refrigerador-automatico-mabe-19-pies-510-l-inoxidable-mkp-74381199,23289.0,6990.0,false,No Competitor,0
"",Refrigerador Hisense Side by Side 20 Pies Negro RS20N6WBX,IN > Electronics > Kitchen Appliances > Refrigerators,hisense,https://www.coppel.com/pdp/refrigerador-hisense-side-by-side-20-pies-negro-rs20n6wbx-pm-6666883,23499.0,8900.0,false,No Competitor,0
74381227,Refrigerador Samsung RB50DG6320S9EM Gris Bottom Mount,IN > Electronics > Kitchen Appliances > Refrigerators,samsung,https://www.coppel.com/pdp/refrigerador-samsung-rb50dg6320s9em-gris-bottom-mount-mkp-74381227,23749.0,4850.0,false,No Competitor,0
74381221,Refrigerador Samsung Top Mount Ai 19ft Dispensador Acero RT53DG6758S9EM,IN > Electronics > Kitchen Appliances > Refrigerators,samsung,https://www.coppel.com/refrigerador-samsung-top-mount-ai-19ft-dispensador-acero-rt53dg6758s9em-mkp-74381221,23899.0,8600.0,false,No Competitor,0
"",Refrigerador LG Top Mount 24 Pies Plateado GT24BS,IN > Electronics > Kitchen Appliances > Refrigerators,lg,https://www.coppel.com/pdp/refrigerador-lg-top-mount-24-pies-plateado-gt24bs-pm-6602133,23999.0,6500.0,false,No Competitor,0
"",Refrigerador Hisense Side by Side 23 Pies Plateado RS22N6GCX,IN > Electronics > Kitchen Appliances > Refrigerators,hisense,https://www.coppel.com/refrigerador-hisense-side-by-side-23-pies-plateado-rs22n6gcx-pm-6646513,24499.0,6500.0,false,No Competitor,0
74381278,Refrigerador Lg Top Freezer 20³pies Negro Essence Smart Inverter,IN > Electronics > Kitchen Appliances > Refrigerators,lg,https://www.coppel.com/refrigerador-lg-top-freezer-20%C2%B3pies-negro-essence-smart-inverter-mkp-74381278,24570.0,7371.0,false,No Competitor,0
"",Refrigerador Mabe RMB520IJMRP0 Bottom Mount 19 Pies Negro,IN > Electronics > Kitchen Appliances > Refrigerators,mabe,https://www.coppel.com/refrigerador-mabe-rmb520ijmrp0-bottom-mount-19-pies-negro-pm-6426653,24999.0,6000.0,false,No Competitor,0
MKP-74381291,Refrigerador Inverter 22 Pies French Door Acero Inox Lg,IN > Electronics > Kitchen Appliances > Refrigerators,lg,https://www.coppel.com/refrigerador-inverter-22-pies-french-door-acero-inox-lg-mkp-74381291,25180.0,0.0,true,Out Of Stock,0
74381310,Refrigerador Mabe Automático 15 Pies 400 L Inox Mate,IN > Electronics > Kitchen Appliances > Refrigerators,mabe,https://www.coppel.com/refrigerador-mabe-automatico-15-pies-400-l-inox-mate-mkp-74381310,25299.0,7600.0,false,No Competitor,0
49561014,Refrigerador Metalfrio 10 Pies Blanco Rb100 Fgd,IN > Electronics > Kitchen Appliances > Refrigerators,metalfrio,https://www.coppel.com/pdp/refrigerador-metalfrio-10-pies-blanco-rb100-fgd-mkp-49561014,25468.0,0.0,true,Out Of Stock,0
"",Refrigerador Whirlpool Side by Side 25 Pies Plateado WD5600S,IN > Electronics > Kitchen Appliances > Refrigerators,whirlpool,https://www.coppel.com/refrigerador-whirlpool-side-by-side-25-pies-plateado-wd5600s-pm-6463933,25799.0,6800.0,true,Out Of Stock,0
618632,Refrigerador GE Monogram 22 Pies Café ZIR360NXRH Panelable,IN > Electronics > Kitchen Appliances > Refrigerators,ge monogram,https://www.coppel.com/refrigerador-ge-monogram-22-pies-cafe-zir360nxrh-panelable-pm-6186323,25999.0,54500.0,true,Out Of Stock,0
"",Refrigerador Hisense French Door 22 Pies Plateado RF22N6FCX,IN > Electronics > Kitchen Appliances > Refrigerators,hisense,https://www.coppel.com/pdp/refrigerador-hisense-french-door-22-pies-plateado-rf22n6fcx-pm-6646423,25999.0,8700.0,false,No Competitor,0
49561022,Refrigerador Cristel Criotec 8 Pies Cubicos Blanco Cfx-08,IN > Electronics > Kitchen Appliances > Refrigerators,cristel,https://www.coppel.com/refrigerador-vertical-criotec-cfx-08-mkp-49561022,26243.0,0.0,false,No Competitor,0
"",Refrigerador Midea Side by Side 20 Pies Plateado MDRS710FGM46,IN > Electronics > Kitchen Appliances > Refrigerators,midea,https://www.coppel.com/pdp/refrigerador-midea-side-by-side-20-pies-plateado-mdrs710fgm46-pm-6651183,26499.0,8500.0,false,No Competitor,0
"",Refrigerador Samsung French Door 22 Pies Plateado RF22A4010S9EM,IN > Electronics > Kitchen Appliances > Refrigerators,samsung,https://www.coppel.com/refrigerador-samsung-french-door-22-pies-plata-rf22a4010s9em-pm-6536083,26799.0,7500.0,false,No Competitor,0
74381206,Refrigerador Lg 22 Pies Cúbicos French Door Gris Gf22bgsk,IN > Electronics > Kitchen Appliances > Refrigerators,lg,https://www.coppel.com/pdp/refrigerador-lg-22-pies-cubicos-french-door-gris-gf22bgsk-mkp-74381206,27249.0,5450.0,false,No Competitor,0
74381273,Refrigerador Samsung French Door 32ft Plateado,IN > Electronics > Kitchen Appliances > Refrigerators,samsung,https://www.coppel.com/refrigerador-samsung-french-door-32ft-plateado-mkp-74381273,27699.0,3500.0,false,No Competitor,0
MKP-74381281,Refrigerador Samsung Bespoke Ai Sbs 28 Pies Blanco RS28CB70NA12EM,IN > Electronics > Kitchen Appliances > Refrigerators,samsung,https://www.coppel.com/refrigerador-samsung-bespoke-ai-sbs-28-pies-blanco-rs28cb70na12em-mkp-74381281,27999.0,0.0,true,Out Of Stock,0
"",Refrigerador Samsung Bespoke Side by Side 28 Pies Blanco RS28CB70NA12EM,IN > Electronics > Kitchen Appliances > Refrigerators,samsung,https://www.coppel.com/refrigerador-samsung-bespoke-side-by-side-28-pies-blanco-rs28cb70na12em-pm-6648553,27999.0,7000.0,true,Out Of Stock,0
74381279,Refrigerador Lg 20 Pies³ (566 L) Top Freezer Negro Mate,IN > Electronics > Kitchen Appliances > Refrigerators,lg,https://www.coppel.com/refrigerador-lg-20-pies%C2%B3-%28566-l%29-top-freezer-negro-mate-mkp-74381279,28559.0,0.0,true,Out Of Stock,0
"",Refrigerador LG French Door 22 Pies Plateado GM22BIP,IN > Electronics > Kitchen Appliances > Refrigerators,lg,https://www.coppel.com/refrigerador-lg-french-door-22-pies-plateado-gm22bip-pm-6547523,28999.0,11000.0,true,Out Of Stock,0
MKP-74381220,Refrigerador Samsung French Door 25ft Ice Maker Plata,IN > Electronics > Kitchen Appliances > Refrigerators,samsung,https://www.coppel.com/refrigerador-samsung-french-door-25ft-ice-maker-plata-mkp-74381220,29400.0,0.0,true,Out Of Stock,0
74381202,Refrigerador Midea French Door Inverter Quattro Jazz Black 19P Negro MDRF700FGM28,IN > Electronics > Kitchen Appliances > Refrigerators,midea,https://www.coppel.com/refrigerador-midea-french-door-inverter-quattro-jazz-black-19p-negro-mdrf700fgm28-mkp-74381202,29499.0,0.0,false,No Competitor,0
663786,Refrigerador Samsung French Door 31 Pies Negro RF32CG5411B1EM,IN > Electronics > Kitchen Appliances > Refrigerators,samsung,https://www.coppel.com/refrigerador-samsung-french-door-31-pies-negro-rf32cg5411b1em-pm-6637863,30499.0,19100.0,true,Out Of Stock,0
"",Refrigerador LG Side by Side 27 Pies Plateado VS27BXQP,IN > Electronics > Kitchen Appliances > Refrigerators,lg,https://www.coppel.com/refrigerador-lg-side-by-side-27-pies-plata-vs27bxqp-pm-6520083,31999.0,7500.0,true,Out Of Stock,0
"",Refrigerador Samsung French Door 32 Pies Plateado RF32CG5A10S9EM,IN > Electronics > Kitchen Appliances > Refrigerators,samsung,https://www.coppel.com/pdp/refrigerador-samsung-french-door-32-pies-plateado-rf32cg5a10s9em-pm-6609573,31999.0,9000.0,false,No Competitor,0
639354,Refrigerador Whirlpool French Door 25 Pies Negro WRX735SDHV,IN > Electronics > Kitchen Appliances > Refrigerators,whirlpool,https://www.coppel.com/refrigerador-whirlpool-french-door-25-pies-negro-wrx735sdhv-pm-6393543,32499.0,27500.0,true,Out Of Stock,0
"",Refrigerador LG French Door 25 Pies Plateado GM25BQSASTFMXM,IN > Electronics > Kitchen Appliances > Refrigerators,lg,https://www.coppel.com/refrigerador-lg-french-door-25-pies-plateado-gm25bqsastfmxm-pm-6612873,32999.0,8500.0,false,No Competitor,0
74381148,Refrigerador Samsung Xazers28t5b00b1 Inverter color Negro,IN > Electronics > Kitchen Appliances > Refrigerators,samsung,https://www.coppel.com/refrigerador-samsung-xazers28t5b00b1-inverter-color-negro-mkp-74381148,33099.0,9500.0,false,No Competitor,0
74381002,Refrigerador Whirlpool French Door 20 Pies Cubicos Gris MWRF220SEHM,IN > Electronics > Kitchen Appliances > Refrigerators,whirlpool,https://www.coppel.com/refrigerador-whirlpool-french-door-20p%C2%B3-mkp-74381002,34199.0,6700.0,false,No Competitor,0
74381226,Refrigerador Samsung French Door 3 Puertas 22 Pies Cúbicos Color Acero Oscuro Con Despachador Agua Rf22a4220b1/em,IN > Electronics > Kitchen Appliances > Refrigerators,samsung,https://www.coppel.com/refrigerador-samsung-3-french-door-22ft-gris-con-despachador-de-agua-y-compresor-digital-inverter-mkp-74381226,34299.0,10200.0,false,No Competitor,0
"",Refrigerador LG French Door 29 Pies Plateado GM39BVP,IN > Electronics > Kitchen Appliances > Refrigerators,lg,https://www.coppel.com/pdp/refrigerador-lg-french-door-29-pies-plateado-gm39bvp-pm-6646853,34999.0,8500.0,false,No Competitor,0
MKP-74381280,Refrigerador Samsung French Door 32 Pies Plata RF32CG5N10S9EM,IN > Electronics > Kitchen Appliances > Refrigerators,samsung,https://www.coppel.com/refrigerador-samsung-french-door-32-pies-plata-rf32cg5n10s9em-mkp-74381280,36399.0,0.0,true,Out Of Stock,0
"",Refrigerador Samsung Side by Side 22 Pies Plateado RS22T5561S9/EM,IN > Electronics > Kitchen Appliances > Refrigerators,samsung,https://www.coppel.com/pdp/refrigerador-samsung-side-by-side-22-pies-plateado-rs22t5561s9/em-pm-6666963,37599.0,8000.0,false,No Competitor,0
"",Refrigerador Samsung French Door 32 Pies Black Caviar RF32CG5N10B1EM,IN > Electronics > Kitchen Appliances > Refrigerators,samsung,https://www.coppel.com/refrigerador-samsung-french-door-32-pies-black-caviar-rf32cg5n10b1em-pm-6609223,38999.0,14500.0,false,No Competitor,0
74381064,Refrigerador Whirlpool 21 Pies Cubicos Gris WD1006S,IN > Electronics > Kitchen Appliances > Refrigerators,whirlpool,https://www.coppel.com/pdp/refrigerador-whirlpool-21-pies-cubicos-gris-wd1006s-mkp-74381064,40799.0,11600.0,false,No Competitor,0
638901,Refrigerador Whirlpool Una Puerta 18 Pies Acero Inoxidable WSR57R18DM,IN > Electronics > Kitchen Appliances > Refrigerators,whirlpool,https://www.coppel.com/refrigerador-whirlpool-una-puerta-18-pies-acero-inoxidable-wsr57r18dm-pm-6389013,41999.0,32200.0,true,Out Of Stock,0
MKP-74381275,Refrigerador Samsung Bespoke French Door 32ft Cúbicos Blanco,IN > Electronics > Kitchen Appliances > Refrigerators,samsung,https://www.coppel.com/refrigerador-samsung-bespoke-french-door-32ft-cubicos-blanco-mkp-74381275,42799.0,20200.0,true,Out Of Stock,0
74381224,Refrigerador Samsung Side By Side 27ft Gris Despachador SpaceMax,IN > Electronics > Kitchen Appliances > Refrigerators,samsung,https://www.coppel.com/refrigerador-samsung-side-by-side-27ft-gris-despachador-spacemax-mkp-74381224,42949.0,16550.0,false,No Competitor,0
663761,Refrigerador Samsung French Door 31 Pies Plateado RF32CG5411SREM,IN > Electronics > Kitchen Appliances > Refrigerators,samsung,https://www.coppel.com/refrigerador-samsung-french-door-31-pies-plateado-rf32cg5411srem-pm-6637613,48699.0,0.0,true,Out Of Stock,0
MKP-74381061,Refrigerador Whirlpool WRX735SDHZ color Gris 25p³,IN > Electronics > Kitchen Appliances > Refrigerators,whirlpool,https://www.coppel.com/refrigerador-whirlpool-wrx735sdhz-color-gris-25p%C2%B3-mkp-74381061,59999.0,3700.0,true,Out Of Stock,0
"",Refrigerador Samsung Side by Side 23 Pies Blanco RM90F66CDWEM,IN > Electronics > Kitchen Appliances > Refrigerators,samsung,https://www.coppel.com/refrigerador-samsung-side-by-side-23-pies-blanco-rm90f66cdwem-pm-6671023,75199.0,17200.0,false,No Competitor,0
74381228,Refrigerador Samsung Sbs 27ft Pantalla Family Hub Negro Wi-Fi Habilitado,IN > Electronics > Kitchen Appliances > Refrigerators,samsung,https://www.coppel.com/pdp/refrigerador-samsung-sbs-27ft-pantalla-family-hub-negro-wi-fi-habilitado-mkp-74381228,75899.0,36400.0,true,Out Of Stock,0
49561015,Refrigerador Metalfrio 66 Pies Cúbicos Blanco Rb900,IN > Electronics > Kitchen Appliances > Refrigerators,metalfrio,https://www.coppel.com/refrigerador-vertical-metalfrio-modelo-rb900-mkp-49561015,77255.0,0.0,true,Out Of Stock,0
663794,Refrigerador Samsung French Door 31 Pies Plateado RF32CG5911SREM,IN > Electronics > Kitchen Appliances > Refrigerators,samsung,https://www.coppel.com/refrigerador-samsung-french-door-31-pies-plateado-rf32cg5911srem-pm-6637943,91999.0,0.0,true,Out Of Stock,0
